threshold,tp,fn,tn,fp,field,element
0.08499999999999998,175,0,2,65,female,0
0.08999999999999998,174,1,2,65,female,0
0.09499999999999999,174,1,3,64,female,0
0.09999999999999998,174,1,3,64,female,0
0.10499999999999998,174,1,3,64,female,0
0.10999999999999997,174,1,4,63,female,0
0.11499999999999998,174,1,5,62,female,0
0.11999999999999998,174,1,6,61,female,0
0.12499999999999997,174,1,6,61,female,0
0.12999999999999998,174,1,6,61,female,0
0.13499999999999998,174,1,7,60,female,0
0.13999999999999999,173,2,8,59,female,0
0.145,173,2,9,58,female,0
0.15,172,3,9,58,female,0
0.155,171,4,11,56,female,0
0.15999999999999998,171,4,11,56,female,0
0.16499999999999998,170,5,11,56,female,0
0.16999999999999998,170,5,11,56,female,0
0.175,170,5,12,55,female,0
0.18,170,5,12,55,female,0
0.18499999999999997,170,5,12,55,female,0
0.18999999999999997,168,7,13,54,female,0
0.19499999999999998,168,7,13,54,female,0
0.19999999999999998,167,8,15,52,female,0
0.205,166,9,16,51,female,0
0.20999999999999996,166,9,16,51,female,0
0.21499999999999997,165,10,16,51,female,0
0.21999999999999997,165,10,16,51,female,0
0.22499999999999998,165,10,16,51,female,0
0.22999999999999998,165,10,16,51,female,0
0.235,165,10,16,51,female,0
0.23999999999999996,164,11,18,49,female,0
0.24499999999999997,164,11,18,49,female,0
0.24999999999999997,164,11,20,47,female,0
0.25499999999999995,162,13,21,46,female,0
0.25999999999999995,161,14,21,46,female,0
0.26499999999999996,161,14,21,46,female,0
0.26999999999999996,161,14,21,46,female,0
0.27499999999999997,161,14,21,46,female,0
0.27999999999999997,161,14,21,46,female,0
0.285,161,14,21,46,female,0
0.29,160,15,22,45,female,0
0.295,159,16,22,45,female,0
0.3,158,17,22,45,female,0
0.30499999999999994,158,17,23,44,female,0
0.30999999999999994,156,19,25,42,female,0
0.31499999999999995,156,19,25,42,female,0
0.31999999999999995,156,19,25,42,female,0
0.32499999999999996,155,20,26,41,female,0
0.32999999999999996,155,20,26,41,female,0
0.33499999999999996,155,20,26,41,female,0
0.33999999999999997,154,21,27,40,female,0
0.345,154,21,28,39,female,0
0.35,152,23,29,38,female,0
0.355,151,24,29,38,female,0
0.35999999999999993,150,25,32,35,female,0
0.36499999999999994,148,27,32,35,female,0
0.36999999999999994,147,28,33,34,female,0
0.37499999999999994,147,28,34,33,female,0
0.37999999999999995,147,28,35,32,female,0
0.38499999999999995,146,29,35,32,female,0
0.38999999999999996,145,30,35,32,female,0
0.39499999999999996,145,30,38,29,female,0
0.39999999999999997,145,30,38,29,female,0
0.40499999999999997,144,31,39,28,female,0
0.4099999999999999,143,32,39,28,female,0
0.4149999999999999,142,33,40,27,female,0
0.41999999999999993,141,34,40,27,female,0
0.42499999999999993,141,34,40,27,female,0
0.42999999999999994,140,35,42,25,female,0
0.43499999999999994,139,36,42,25,female,0
0.43999999999999995,139,36,43,24,female,0
0.44499999999999995,138,37,45,22,female,0
0.44999999999999996,138,37,45,22,female,0
0.45499999999999996,138,37,45,22,female,0
0.45999999999999996,137,38,45,22,female,0
0.4649999999999999,136,39,45,22,female,0
0.4699999999999999,135,40,47,20,female,0
0.4749999999999999,135,40,47,20,female,0
0.4799999999999999,134,41,47,20,female,0
0.48499999999999993,133,42,47,20,female,0
0.48999999999999994,130,45,48,19,female,0
0.49499999999999994,129,46,49,18,female,0
0.49999999999999994,129,46,49,18,female,0
0.5049999999999999,129,46,49,18,female,0
0.5099999999999999,128,47,50,17,female,0
0.5149999999999999,127,48,50,17,female,0
0.5199999999999999,127,48,50,17,female,0
0.5249999999999999,126,49,50,17,female,0
0.5299999999999999,122,53,51,16,female,0
0.5349999999999999,122,53,53,14,female,0
0.5399999999999999,118,57,54,13,female,0
0.5449999999999999,117,58,54,13,female,0
0.5499999999999999,116,59,54,13,female,0
0.5549999999999999,113,62,55,12,female,0
0.5599999999999999,112,63,55,12,female,0
0.565,110,65,55,12,female,0
0.57,109,66,55,12,female,0
0.575,109,66,55,12,female,0
0.58,108,67,55,12,female,0
0.585,108,67,56,11,female,0
0.59,108,67,56,11,female,0
0.595,108,67,56,11,female,0
0.5999999999999999,108,67,57,10,female,0
0.6049999999999999,108,67,58,9,female,0
0.6099999999999999,107,68,58,9,female,0
0.6149999999999999,107,68,58,9,female,0
0.6199999999999999,107,68,58,9,female,0
0.6249999999999999,106,69,58,9,female,0
0.6299999999999999,105,70,58,9,female,0
0.6349999999999999,103,72,58,9,female,0
0.6399999999999999,102,73,58,9,female,0
0.6449999999999999,99,76,58,9,female,0
0.6499999999999999,98,77,59,8,female,0
0.6549999999999999,98,77,59,8,female,0
0.6599999999999999,96,79,59,8,female,0
0.6649999999999999,95,80,59,8,female,0
0.6699999999999999,92,83,59,8,female,0
0.6749999999999999,92,83,59,8,female,0
0.6799999999999999,92,83,59,8,female,0
0.6849999999999999,92,83,59,8,female,0
0.69,89,86,60,7,female,0
0.695,87,88,60,7,female,0
0.7,86,89,61,6,female,0
0.7049999999999998,86,89,61,6,female,0
0.7099999999999999,84,91,61,6,female,0
0.7149999999999999,83,92,61,6,female,0
0.7199999999999999,83,92,61,6,female,0
0.7249999999999999,81,94,61,6,female,0
0.7299999999999999,81,94,61,6,female,0
0.7349999999999999,80,95,61,6,female,0
0.7399999999999999,80,95,61,6,female,0
0.7449999999999999,78,97,61,6,female,0
0.7499999999999999,77,98,61,6,female,0
0.7549999999999999,75,100,62,5,female,0
0.7599999999999999,73,102,62,5,female,0
0.7649999999999999,72,103,62,5,female,0
0.7699999999999999,72,103,62,5,female,0
0.7749999999999999,71,104,63,4,female,0
0.7799999999999999,71,104,63,4,female,0
0.7849999999999999,70,105,63,4,female,0
0.7899999999999999,69,106,63,4,female,0
0.7949999999999999,68,107,63,4,female,0
0.7999999999999999,67,108,64,3,female,0
0.8049999999999999,67,108,64,3,female,0
0.8099999999999998,64,111,64,3,female,0
0.8149999999999998,64,111,64,3,female,0
0.8199999999999998,60,115,64,3,female,0
0.8249999999999998,59,116,64,3,female,0
0.8299999999999998,56,119,64,3,female,0
0.8349999999999999,54,121,64,3,female,0
0.8399999999999999,54,121,64,3,female,0
0.8449999999999999,51,124,64,3,female,0
0.8499999999999999,47,128,64,3,female,0
0.8549999999999999,45,130,64,3,female,0
0.8599999999999999,43,132,66,1,female,0
0.8649999999999999,42,133,66,1,female,0
0.8699999999999999,39,136,66,1,female,0
0.8749999999999999,36,139,66,1,female,0
0.8799999999999999,36,139,66,1,female,0
0.8849999999999999,34,141,66,1,female,0
0.8899999999999999,33,142,66,1,female,0
0.8949999999999999,30,145,66,1,female,0
0.8999999999999999,27,148,66,1,female,0
0.9049999999999999,24,151,66,1,female,0
0.9099999999999999,21,154,66,1,female,0
0.9149999999999999,19,156,66,1,female,0
0.9199999999999998,13,162,66,1,female,0
0.9249999999999998,11,164,66,1,female,0
0.9299999999999998,11,164,66,1,female,0
0.9349999999999998,11,164,66,1,female,0
0.9399999999999998,9,166,67,0,female,0
0.9449999999999998,7,168,67,0,female,0
0.9499999999999998,6,169,67,0,female,0
0.9549999999999998,6,169,67,0,female,0
0.9599999999999999,6,169,67,0,female,0
0.9649999999999999,3,172,67,0,female,0
0.9699999999999999,1,174,67,0,female,0
0.9749999999999999,1,174,67,0,female,0
0.08999999999999998,70,0,1,37,female,1
0.09499999999999999,70,0,1,37,female,1
0.09999999999999998,70,0,1,37,female,1
0.10499999999999998,70,0,2,36,female,1
0.10999999999999997,70,0,2,36,female,1
0.11499999999999998,70,0,2,36,female,1
0.11999999999999998,70,0,2,36,female,1
0.12499999999999997,70,0,2,36,female,1
0.12999999999999998,70,0,3,35,female,1
0.13499999999999998,70,0,3,35,female,1
0.13999999999999999,70,0,3,35,female,1
0.145,70,0,3,35,female,1
0.15,70,0,3,35,female,1
0.155,70,0,3,35,female,1
0.15999999999999998,70,0,3,35,female,1
0.16499999999999998,70,0,3,35,female,1
0.16999999999999998,69,1,3,35,female,1
0.175,69,1,3,35,female,1
0.18,69,1,3,35,female,1
0.18499999999999997,69,1,3,35,female,1
0.18999999999999997,69,1,4,34,female,1
0.19499999999999998,69,1,4,34,female,1
0.19999999999999998,69,1,5,33,female,1
0.205,69,1,5,33,female,1
0.20999999999999996,69,1,5,33,female,1
0.21499999999999997,69,1,6,32,female,1
0.21999999999999997,69,1,6,32,female,1
0.22499999999999998,69,1,7,31,female,1
0.22999999999999998,69,1,7,31,female,1
0.235,69,1,7,31,female,1
0.23999999999999996,68,2,7,31,female,1
0.24499999999999997,68,2,7,31,female,1
0.24999999999999997,68,2,7,31,female,1
0.25499999999999995,68,2,7,31,female,1
0.25999999999999995,68,2,7,31,female,1
0.26499999999999996,68,2,7,31,female,1
0.26999999999999996,68,2,8,30,female,1
0.27499999999999997,68,2,9,29,female,1
0.27999999999999997,68,2,9,29,female,1
0.285,67,3,10,28,female,1
0.29,67,3,10,28,female,1
0.295,67,3,10,28,female,1
0.3,66,4,12,26,female,1
0.30499999999999994,66,4,14,24,female,1
0.30999999999999994,66,4,14,24,female,1
0.31499999999999995,66,4,15,23,female,1
0.31999999999999995,66,4,15,23,female,1
0.32499999999999996,66,4,16,22,female,1
0.32999999999999996,66,4,18,20,female,1
0.33499999999999996,65,5,18,20,female,1
0.33999999999999997,64,6,18,20,female,1
0.345,63,7,19,19,female,1
0.35,63,7,19,19,female,1
0.355,62,8,19,19,female,1
0.35999999999999993,62,8,19,19,female,1
0.36499999999999994,62,8,19,19,female,1
0.36999999999999994,62,8,20,18,female,1
0.37499999999999994,62,8,20,18,female,1
0.37999999999999995,62,8,20,18,female,1
0.38499999999999995,62,8,20,18,female,1
0.38999999999999996,62,8,20,18,female,1
0.39499999999999996,60,10,20,18,female,1
0.39999999999999997,59,11,20,18,female,1
0.40499999999999997,58,12,20,18,female,1
0.4099999999999999,57,13,22,16,female,1
0.4149999999999999,57,13,22,16,female,1
0.41999999999999993,57,13,22,16,female,1
0.42499999999999993,57,13,22,16,female,1
0.42999999999999994,57,13,23,15,female,1
0.43499999999999994,56,14,23,15,female,1
0.43999999999999995,55,15,23,15,female,1
0.44499999999999995,55,15,23,15,female,1
0.44999999999999996,55,15,23,15,female,1
0.45499999999999996,55,15,24,14,female,1
0.45999999999999996,55,15,24,14,female,1
0.4649999999999999,54,16,24,14,female,1
0.4699999999999999,54,16,24,14,female,1
0.4749999999999999,52,18,25,13,female,1
0.4799999999999999,50,20,26,12,female,1
0.48499999999999993,50,20,26,12,female,1
0.48999999999999994,49,21,26,12,female,1
0.49499999999999994,49,21,27,11,female,1
0.49999999999999994,49,21,27,11,female,1
0.5049999999999999,49,21,27,11,female,1
0.5099999999999999,49,21,27,11,female,1
0.5149999999999999,49,21,28,10,female,1
0.5199999999999999,49,21,28,10,female,1
0.5249999999999999,49,21,28,10,female,1
0.5299999999999999,49,21,28,10,female,1
0.5349999999999999,49,21,28,10,female,1
0.5399999999999999,49,21,28,10,female,1
0.5449999999999999,49,21,28,10,female,1
0.5499999999999999,49,21,28,10,female,1
0.5549999999999999,49,21,28,10,female,1
0.5599999999999999,48,22,28,10,female,1
0.565,47,23,30,8,female,1
0.57,47,23,30,8,female,1
0.575,47,23,30,8,female,1
0.58,47,23,30,8,female,1
0.585,46,24,30,8,female,1
0.59,46,24,30,8,female,1
0.595,46,24,30,8,female,1
0.5999999999999999,45,25,30,8,female,1
0.6049999999999999,44,26,30,8,female,1
0.6099999999999999,44,26,30,8,female,1
0.6149999999999999,44,26,31,7,female,1
0.6199999999999999,44,26,31,7,female,1
0.6249999999999999,43,27,31,7,female,1
0.6299999999999999,43,27,31,7,female,1
0.6349999999999999,43,27,31,7,female,1
0.6399999999999999,42,28,31,7,female,1
0.6449999999999999,42,28,31,7,female,1
0.6499999999999999,41,29,31,7,female,1
0.6549999999999999,41,29,31,7,female,1
0.6599999999999999,41,29,31,7,female,1
0.6649999999999999,40,30,31,7,female,1
0.6699999999999999,40,30,32,6,female,1
0.6749999999999999,40,30,32,6,female,1
0.6799999999999999,38,32,32,6,female,1
0.6849999999999999,38,32,32,6,female,1
0.69,38,32,32,6,female,1
0.695,37,33,32,6,female,1
0.7,36,34,32,6,female,1
0.7049999999999998,35,35,32,6,female,1
0.7099999999999999,35,35,32,6,female,1
0.7149999999999999,35,35,32,6,female,1
0.7199999999999999,35,35,32,6,female,1
0.7249999999999999,35,35,32,6,female,1
0.7299999999999999,35,35,33,5,female,1
0.7349999999999999,35,35,33,5,female,1
0.7399999999999999,35,35,33,5,female,1
0.7449999999999999,35,35,33,5,female,1
0.7499999999999999,35,35,33,5,female,1
0.7549999999999999,35,35,33,5,female,1
0.7599999999999999,35,35,33,5,female,1
0.7649999999999999,35,35,33,5,female,1
0.7699999999999999,33,37,33,5,female,1
0.7749999999999999,33,37,33,5,female,1
0.7799999999999999,32,38,33,5,female,1
0.7849999999999999,31,39,34,4,female,1
0.7899999999999999,30,40,34,4,female,1
0.7949999999999999,30,40,34,4,female,1
0.7999999999999999,30,40,34,4,female,1
0.8049999999999999,29,41,34,4,female,1
0.8099999999999998,29,41,34,4,female,1
0.8149999999999998,28,42,34,4,female,1
0.8199999999999998,27,43,34,4,female,1
0.8249999999999998,27,43,34,4,female,1
0.8299999999999998,26,44,34,4,female,1
0.8349999999999999,25,45,35,3,female,1
0.8399999999999999,24,46,35,3,female,1
0.8449999999999999,24,46,35,3,female,1
0.8499999999999999,23,47,35,3,female,1
0.8549999999999999,23,47,35,3,female,1
0.8599999999999999,22,48,35,3,female,1
0.8649999999999999,20,50,35,3,female,1
0.8699999999999999,18,52,35,3,female,1
0.8749999999999999,17,53,36,2,female,1
0.8799999999999999,16,54,36,2,female,1
0.8849999999999999,15,55,36,2,female,1
0.8899999999999999,13,57,36,2,female,1
0.8949999999999999,12,58,36,2,female,1
0.8999999999999999,10,60,37,1,female,1
0.9049999999999999,8,62,37,1,female,1
0.9099999999999999,8,62,37,1,female,1
0.9149999999999999,8,62,37,1,female,1
0.9199999999999998,7,63,37,1,female,1
0.9249999999999998,6,64,37,1,female,1
0.9299999999999998,5,65,37,1,female,1
0.9349999999999998,3,67,37,1,female,1
0.9399999999999998,2,68,37,1,female,1
0.9449999999999998,2,68,37,1,female,1
0.9499999999999998,1,69,37,1,female,1
0.9549999999999998,1,69,37,1,female,1
0.9599999999999999,1,69,37,1,female,1
0.9649999999999999,1,69,38,0,female,1
0.09499999999999999,193,0,1,69,housing,A152
0.09999999999999998,193,0,1,69,housing,A152
0.10499999999999998,193,0,2,68,housing,A152
0.10999999999999997,193,0,2,68,housing,A152
0.11499999999999998,193,0,3,67,housing,A152
0.11999999999999998,193,0,3,67,housing,A152
0.12499999999999997,193,0,3,67,housing,A152
0.12999999999999998,193,0,3,67,housing,A152
0.13499999999999998,193,0,4,66,housing,A152
0.13999999999999999,193,0,5,65,housing,A152
0.145,193,0,5,65,housing,A152
0.15,193,0,5,65,housing,A152
0.155,193,0,5,65,housing,A152
0.15999999999999998,193,0,5,65,housing,A152
0.16499999999999998,193,0,5,65,housing,A152
0.16999999999999998,193,0,5,65,housing,A152
0.175,193,0,5,65,housing,A152
0.18,193,0,5,65,housing,A152
0.18499999999999997,193,0,5,65,housing,A152
0.18999999999999997,193,0,6,64,housing,A152
0.19499999999999998,193,0,6,64,housing,A152
0.19999999999999998,192,1,6,64,housing,A152
0.205,191,2,7,63,housing,A152
0.20999999999999996,191,2,7,63,housing,A152
0.21499999999999997,190,3,8,62,housing,A152
0.21999999999999997,190,3,8,62,housing,A152
0.22499999999999998,190,3,8,62,housing,A152
0.22999999999999998,190,3,8,62,housing,A152
0.235,190,3,8,62,housing,A152
0.23999999999999996,190,3,10,60,housing,A152
0.24499999999999997,190,3,10,60,housing,A152
0.24999999999999997,190,3,12,58,housing,A152
0.25499999999999995,188,5,12,58,housing,A152
0.25999999999999995,187,6,12,58,housing,A152
0.26499999999999996,187,6,12,58,housing,A152
0.26999999999999996,187,6,12,58,housing,A152
0.27499999999999997,187,6,12,58,housing,A152
0.27999999999999997,187,6,12,58,housing,A152
0.285,186,7,12,58,housing,A152
0.29,185,8,13,57,housing,A152
0.295,184,9,13,57,housing,A152
0.3,183,10,15,55,housing,A152
0.30499999999999994,183,10,16,54,housing,A152
0.30999999999999994,182,11,17,53,housing,A152
0.31499999999999995,182,11,18,52,housing,A152
0.31999999999999995,182,11,18,52,housing,A152
0.32499999999999996,182,11,19,51,housing,A152
0.32999999999999996,182,11,21,49,housing,A152
0.33499999999999996,181,12,21,49,housing,A152
0.33999999999999997,179,14,21,49,housing,A152
0.345,178,15,23,47,housing,A152
0.35,176,17,24,46,housing,A152
0.355,175,18,24,46,housing,A152
0.35999999999999993,174,19,25,45,housing,A152
0.36499999999999994,174,19,25,45,housing,A152
0.36999999999999994,173,20,27,43,housing,A152
0.37499999999999994,173,20,27,43,housing,A152
0.37999999999999995,173,20,27,43,housing,A152
0.38499999999999995,172,21,27,43,housing,A152
0.38999999999999996,171,22,27,43,housing,A152
0.39499999999999996,170,23,30,40,housing,A152
0.39999999999999997,170,23,30,40,housing,A152
0.40499999999999997,168,25,31,39,housing,A152
0.4099999999999999,167,26,33,37,housing,A152
0.4149999999999999,166,27,34,36,housing,A152
0.41999999999999993,165,28,34,36,housing,A152
0.42499999999999993,165,28,34,36,housing,A152
0.42999999999999994,164,29,36,34,housing,A152
0.43499999999999994,162,31,36,34,housing,A152
0.43999999999999995,161,32,37,33,housing,A152
0.44499999999999995,161,32,39,31,housing,A152
0.44999999999999996,161,32,39,31,housing,A152
0.45499999999999996,161,32,40,30,housing,A152
0.45999999999999996,160,33,40,30,housing,A152
0.4649999999999999,158,35,40,30,housing,A152
0.4699999999999999,157,36,42,28,housing,A152
0.4749999999999999,155,38,43,27,housing,A152
0.4799999999999999,154,39,43,27,housing,A152
0.48499999999999993,153,40,43,27,housing,A152
0.48999999999999994,150,43,44,26,housing,A152
0.49499999999999994,149,44,46,24,housing,A152
0.49999999999999994,149,44,46,24,housing,A152
0.5049999999999999,149,44,46,24,housing,A152
0.5099999999999999,148,45,47,23,housing,A152
0.5149999999999999,147,46,47,23,housing,A152
0.5199999999999999,147,46,47,23,housing,A152
0.5249999999999999,146,47,47,23,housing,A152
0.5299999999999999,142,51,48,22,housing,A152
0.5349999999999999,142,51,50,20,housing,A152
0.5399999999999999,139,54,51,19,housing,A152
0.5449999999999999,139,54,51,19,housing,A152
0.5499999999999999,138,55,51,19,housing,A152
0.5549999999999999,135,58,52,18,housing,A152
0.5599999999999999,133,60,52,18,housing,A152
0.565,130,63,53,17,housing,A152
0.57,129,64,53,17,housing,A152
0.575,129,64,53,17,housing,A152
0.58,129,64,53,17,housing,A152
0.585,128,65,54,16,housing,A152
0.59,128,65,54,16,housing,A152
0.595,128,65,54,16,housing,A152
0.5999999999999999,127,66,54,16,housing,A152
0.6049999999999999,126,67,55,15,housing,A152
0.6099999999999999,126,67,55,15,housing,A152
0.6149999999999999,126,67,56,14,housing,A152
0.6199999999999999,126,67,56,14,housing,A152
0.6249999999999999,124,69,56,14,housing,A152
0.6299999999999999,123,70,56,14,housing,A152
0.6349999999999999,121,72,56,14,housing,A152
0.6399999999999999,119,74,56,14,housing,A152
0.6449999999999999,116,77,56,14,housing,A152
0.6499999999999999,115,78,57,13,housing,A152
0.6549999999999999,115,78,57,13,housing,A152
0.6599999999999999,113,80,57,13,housing,A152
0.6649999999999999,111,82,57,13,housing,A152
0.6699999999999999,108,85,57,13,housing,A152
0.6749999999999999,108,85,57,13,housing,A152
0.6799999999999999,106,87,57,13,housing,A152
0.6849999999999999,106,87,57,13,housing,A152
0.69,104,89,58,12,housing,A152
0.695,102,91,58,12,housing,A152
0.7,101,92,59,11,housing,A152
0.7049999999999998,100,93,59,11,housing,A152
0.7099999999999999,98,95,59,11,housing,A152
0.7149999999999999,98,95,59,11,housing,A152
0.7199999999999999,98,95,59,11,housing,A152
0.7249999999999999,97,96,59,11,housing,A152
0.7299999999999999,97,96,60,10,housing,A152
0.7349999999999999,96,97,60,10,housing,A152
0.7399999999999999,96,97,60,10,housing,A152
0.7449999999999999,94,99,60,10,housing,A152
0.7499999999999999,93,100,60,10,housing,A152
0.7549999999999999,91,102,60,10,housing,A152
0.7599999999999999,90,103,60,10,housing,A152
0.7649999999999999,89,104,60,10,housing,A152
0.7699999999999999,89,104,60,10,housing,A152
0.7749999999999999,88,105,61,9,housing,A152
0.7799999999999999,88,105,61,9,housing,A152
0.7849999999999999,87,106,62,8,housing,A152
0.7899999999999999,85,108,62,8,housing,A152
0.7949999999999999,84,109,62,8,housing,A152
0.7999999999999999,83,110,63,7,housing,A152
0.8049999999999999,82,111,63,7,housing,A152
0.8099999999999998,79,114,63,7,housing,A152
0.8149999999999998,78,115,63,7,housing,A152
0.8199999999999998,75,118,63,7,housing,A152
0.8249999999999998,74,119,63,7,housing,A152
0.8299999999999998,70,123,63,7,housing,A152
0.8349999999999999,67,126,64,6,housing,A152
0.8399999999999999,66,127,64,6,housing,A152
0.8449999999999999,65,128,64,6,housing,A152
0.8499999999999999,60,133,64,6,housing,A152
0.8549999999999999,59,134,64,6,housing,A152
0.8599999999999999,58,135,66,4,housing,A152
0.8649999999999999,56,137,66,4,housing,A152
0.8699999999999999,51,142,66,4,housing,A152
0.8749999999999999,48,145,67,3,housing,A152
0.8799999999999999,47,146,67,3,housing,A152
0.8849999999999999,44,149,67,3,housing,A152
0.8899999999999999,42,151,67,3,housing,A152
0.8949999999999999,38,155,67,3,housing,A152
0.8999999999999999,33,160,68,2,housing,A152
0.9049999999999999,29,164,68,2,housing,A152
0.9099999999999999,27,166,68,2,housing,A152
0.9149999999999999,25,168,68,2,housing,A152
0.9199999999999998,19,174,68,2,housing,A152
0.9249999999999998,16,177,68,2,housing,A152
0.9299999999999998,15,178,68,2,housing,A152
0.9349999999999998,13,180,68,2,housing,A152
0.9399999999999998,10,183,69,1,housing,A152
0.9449999999999998,8,185,69,1,housing,A152
0.9499999999999998,6,187,69,1,housing,A152
0.9549999999999998,6,187,69,1,housing,A152
0.9599999999999999,6,187,69,1,housing,A152
0.9649999999999999,3,190,70,0,housing,A152
0.9699999999999999,1,192,70,0,housing,A152
0.9749999999999999,1,192,70,0,housing,A152
0.08999999999999998,31,0,1,17,housing,A151
0.09499999999999999,31,0,1,17,housing,A151
0.09999999999999998,31,0,1,17,housing,A151
0.10499999999999998,31,0,1,17,housing,A151
0.10999999999999997,31,0,1,17,housing,A151
0.11499999999999998,31,0,1,17,housing,A151
0.11999999999999998,31,0,2,16,housing,A151
0.12499999999999997,31,0,2,16,housing,A151
0.12999999999999998,31,0,3,15,housing,A151
0.13499999999999998,31,0,3,15,housing,A151
0.13999999999999999,30,1,3,15,housing,A151
0.145,30,1,3,15,housing,A151
0.15,29,2,3,15,housing,A151
0.155,28,3,5,13,housing,A151
0.15999999999999998,28,3,5,13,housing,A151
0.16499999999999998,28,3,5,13,housing,A151
0.16999999999999998,27,4,5,13,housing,A151
0.175,27,4,5,13,housing,A151
0.18,27,4,5,13,housing,A151
0.18499999999999997,27,4,5,13,housing,A151
0.18999999999999997,26,5,6,12,housing,A151
0.19499999999999998,26,5,6,12,housing,A151
0.19999999999999998,26,5,8,10,housing,A151
0.205,26,5,8,10,housing,A151
0.20999999999999996,26,5,8,10,housing,A151
0.21499999999999997,26,5,8,10,housing,A151
0.21999999999999997,26,5,8,10,housing,A151
0.22499999999999998,26,5,9,9,housing,A151
0.22999999999999998,26,5,9,9,housing,A151
0.235,26,5,9,9,housing,A151
0.23999999999999996,25,6,9,9,housing,A151
0.24499999999999997,25,6,9,9,housing,A151
0.24999999999999997,25,6,9,9,housing,A151
0.25499999999999995,25,6,9,9,housing,A151
0.25999999999999995,25,6,9,9,housing,A151
0.26499999999999996,25,6,9,9,housing,A151
0.26999999999999996,25,6,10,8,housing,A151
0.27499999999999997,25,6,11,7,housing,A151
0.27999999999999997,25,6,11,7,housing,A151
0.285,25,6,11,7,housing,A151
0.29,25,6,11,7,housing,A151
0.295,25,6,11,7,housing,A151
0.3,24,7,11,7,housing,A151
0.30499999999999994,24,7,13,5,housing,A151
0.30999999999999994,23,8,13,5,housing,A151
0.31499999999999995,23,8,13,5,housing,A151
0.31999999999999995,23,8,13,5,housing,A151
0.32499999999999996,22,9,13,5,housing,A151
0.32999999999999996,22,9,13,5,housing,A151
0.33499999999999996,22,9,13,5,housing,A151
0.33999999999999997,22,9,13,5,housing,A151
0.345,22,9,13,5,housing,A151
0.35,22,9,13,5,housing,A151
0.355,21,10,13,5,housing,A151
0.35999999999999993,21,10,14,4,housing,A151
0.36499999999999994,20,11,14,4,housing,A151
0.36999999999999994,20,11,14,4,housing,A151
0.37499999999999994,20,11,14,4,housing,A151
0.37999999999999995,20,11,14,4,housing,A151
0.38499999999999995,20,11,14,4,housing,A151
0.38999999999999996,20,11,14,4,housing,A151
0.39499999999999996,20,11,14,4,housing,A151
0.39999999999999997,19,12,14,4,housing,A151
0.40499999999999997,19,12,14,4,housing,A151
0.4099999999999999,18,13,14,4,housing,A151
0.4149999999999999,18,13,14,4,housing,A151
0.41999999999999993,18,13,14,4,housing,A151
0.42499999999999993,18,13,14,4,housing,A151
0.42999999999999994,18,13,15,3,housing,A151
0.43499999999999994,18,13,15,3,housing,A151
0.43999999999999995,18,13,15,3,housing,A151
0.44499999999999995,18,13,15,3,housing,A151
0.44999999999999996,18,13,15,3,housing,A151
0.45499999999999996,18,13,15,3,housing,A151
0.45999999999999996,18,13,15,3,housing,A151
0.4649999999999999,18,13,15,3,housing,A151
0.4699999999999999,18,13,15,3,housing,A151
0.4749999999999999,18,13,15,3,housing,A151
0.4799999999999999,17,14,15,3,housing,A151
0.48499999999999993,17,14,15,3,housing,A151
0.48999999999999994,17,14,15,3,housing,A151
0.49499999999999994,17,14,15,3,housing,A151
0.49999999999999994,17,14,15,3,housing,A151
0.5049999999999999,17,14,15,3,housing,A151
0.5099999999999999,17,14,15,3,housing,A151
0.5149999999999999,17,14,16,2,housing,A151
0.5199999999999999,17,14,16,2,housing,A151
0.5249999999999999,17,14,16,2,housing,A151
0.5299999999999999,17,14,16,2,housing,A151
0.5349999999999999,17,14,16,2,housing,A151
0.5399999999999999,16,15,16,2,housing,A151
0.5449999999999999,15,16,16,2,housing,A151
0.5499999999999999,15,16,16,2,housing,A151
0.5549999999999999,15,16,16,2,housing,A151
0.5599999999999999,15,16,16,2,housing,A151
0.565,15,16,16,2,housing,A151
0.57,15,16,16,2,housing,A151
0.575,15,16,16,2,housing,A151
0.58,14,17,16,2,housing,A151
0.585,14,17,16,2,housing,A151
0.59,14,17,16,2,housing,A151
0.595,14,17,16,2,housing,A151
0.5999999999999999,14,17,17,1,housing,A151
0.6049999999999999,14,17,17,1,housing,A151
0.6099999999999999,14,17,17,1,housing,A151
0.6149999999999999,14,17,17,1,housing,A151
0.6199999999999999,14,17,17,1,housing,A151
0.6249999999999999,14,17,17,1,housing,A151
0.6299999999999999,14,17,17,1,housing,A151
0.6349999999999999,14,17,17,1,housing,A151
0.6399999999999999,14,17,17,1,housing,A151
0.6449999999999999,14,17,17,1,housing,A151
0.6499999999999999,13,18,17,1,housing,A151
0.6549999999999999,13,18,17,1,housing,A151
0.6599999999999999,13,18,17,1,housing,A151
0.6649999999999999,13,18,17,1,housing,A151
0.6699999999999999,13,18,18,0,housing,A151
0.6749999999999999,13,18,18,0,housing,A151
0.6799999999999999,13,18,18,0,housing,A151
0.6849999999999999,13,18,18,0,housing,A151
0.69,12,19,18,0,housing,A151
0.695,11,20,18,0,housing,A151
0.7,10,21,18,0,housing,A151
0.7049999999999998,10,21,18,0,housing,A151
0.7099999999999999,10,21,18,0,housing,A151
0.7149999999999999,9,22,18,0,housing,A151
0.7199999999999999,9,22,18,0,housing,A151
0.7249999999999999,8,23,18,0,housing,A151
0.7299999999999999,8,23,18,0,housing,A151
0.7349999999999999,8,23,18,0,housing,A151
0.7399999999999999,8,23,18,0,housing,A151
0.7449999999999999,8,23,18,0,housing,A151
0.7499999999999999,8,23,18,0,housing,A151
0.7549999999999999,8,23,18,0,housing,A151
0.7599999999999999,7,24,18,0,housing,A151
0.7649999999999999,7,24,18,0,housing,A151
0.7699999999999999,6,25,18,0,housing,A151
0.7749999999999999,6,25,18,0,housing,A151
0.7799999999999999,5,26,18,0,housing,A151
0.7849999999999999,4,27,18,0,housing,A151
0.7899999999999999,4,27,18,0,housing,A151
0.7949999999999999,4,27,18,0,housing,A151
0.7999999999999999,4,27,18,0,housing,A151
0.8049999999999999,4,27,18,0,housing,A151
0.8099999999999998,4,27,18,0,housing,A151
0.8149999999999998,4,27,18,0,housing,A151
0.8199999999999998,4,27,18,0,housing,A151
0.8249999999999998,4,27,18,0,housing,A151
0.8299999999999998,4,27,18,0,housing,A151
0.8349999999999999,4,27,18,0,housing,A151
0.8399999999999999,4,27,18,0,housing,A151
0.8449999999999999,3,28,18,0,housing,A151
0.8499999999999999,3,28,18,0,housing,A151
0.8549999999999999,3,28,18,0,housing,A151
0.8599999999999999,2,29,18,0,housing,A151
0.8649999999999999,1,30,18,0,housing,A151
0.8699999999999999,1,30,18,0,housing,A151
0.8749999999999999,1,30,18,0,housing,A151
0.8799999999999999,1,30,18,0,housing,A151
0.8849999999999999,1,30,18,0,housing,A151
0.08499999999999998,21,0,2,15,housing,A153
0.08999999999999998,20,1,2,15,housing,A153
0.09499999999999999,20,1,2,15,housing,A153
0.09999999999999998,20,1,2,15,housing,A153
0.10499999999999998,20,1,2,15,housing,A153
0.10999999999999997,20,1,3,14,housing,A153
0.11499999999999998,20,1,3,14,housing,A153
0.11999999999999998,20,1,3,14,housing,A153
0.12499999999999997,20,1,3,14,housing,A153
0.12999999999999998,20,1,3,14,housing,A153
0.13499999999999998,20,1,3,14,housing,A153
0.13999999999999999,20,1,3,14,housing,A153
0.145,20,1,4,13,housing,A153
0.15,20,1,4,13,housing,A153
0.155,20,1,4,13,housing,A153
0.15999999999999998,20,1,4,13,housing,A153
0.16499999999999998,19,2,4,13,housing,A153
0.16999999999999998,19,2,4,13,housing,A153
0.175,19,2,5,12,housing,A153
0.18,19,2,5,12,housing,A153
0.18499999999999997,19,2,5,12,housing,A153
0.18999999999999997,18,3,5,12,housing,A153
0.19499999999999998,18,3,5,12,housing,A153
0.19999999999999998,18,3,6,11,housing,A153
0.205,18,3,6,11,housing,A153
0.20999999999999996,18,3,6,11,housing,A153
0.21499999999999997,18,3,6,11,housing,A153
0.21999999999999997,18,3,6,11,housing,A153
0.22499999999999998,18,3,6,11,housing,A153
0.22999999999999998,18,3,6,11,housing,A153
0.235,18,3,6,11,housing,A153
0.23999999999999996,17,4,6,11,housing,A153
0.24499999999999997,17,4,6,11,housing,A153
0.24999999999999997,17,4,6,11,housing,A153
0.25499999999999995,17,4,7,10,housing,A153
0.25999999999999995,17,4,7,10,housing,A153
0.26499999999999996,17,4,7,10,housing,A153
0.26999999999999996,17,4,7,10,housing,A153
0.27499999999999997,17,4,7,10,housing,A153
0.27999999999999997,17,4,7,10,housing,A153
0.285,17,4,8,9,housing,A153
0.29,17,4,8,9,housing,A153
0.295,17,4,8,9,housing,A153
0.3,17,4,8,9,housing,A153
0.30499999999999994,17,4,8,9,housing,A153
0.30999999999999994,17,4,9,8,housing,A153
0.31499999999999995,17,4,9,8,housing,A153
0.31999999999999995,17,4,9,8,housing,A153
0.32499999999999996,17,4,10,7,housing,A153
0.32999999999999996,17,4,10,7,housing,A153
0.33499999999999996,17,4,10,7,housing,A153
0.33999999999999997,17,4,11,6,housing,A153
0.345,17,4,11,6,housing,A153
0.35,17,4,11,6,housing,A153
0.355,17,4,11,6,housing,A153
0.35999999999999993,17,4,12,5,housing,A153
0.36499999999999994,16,5,12,5,housing,A153
0.36999999999999994,16,5,12,5,housing,A153
0.37499999999999994,16,5,13,4,housing,A153
0.37999999999999995,16,5,14,3,housing,A153
0.38499999999999995,16,5,14,3,housing,A153
0.38999999999999996,16,5,14,3,housing,A153
0.39499999999999996,15,6,14,3,housing,A153
0.39999999999999997,15,6,14,3,housing,A153
0.40499999999999997,15,6,14,3,housing,A153
0.4099999999999999,15,6,14,3,housing,A153
0.4149999999999999,15,6,14,3,housing,A153
0.41999999999999993,15,6,14,3,housing,A153
0.42499999999999993,15,6,14,3,housing,A153
0.42999999999999994,15,6,14,3,housing,A153
0.43499999999999994,15,6,14,3,housing,A153
0.43999999999999995,15,6,14,3,housing,A153
0.44499999999999995,14,7,14,3,housing,A153
0.44999999999999996,14,7,14,3,housing,A153
0.45499999999999996,14,7,14,3,housing,A153
0.45999999999999996,14,7,14,3,housing,A153
0.4649999999999999,14,7,14,3,housing,A153
0.4699999999999999,14,7,14,3,housing,A153
0.4749999999999999,14,7,14,3,housing,A153
0.4799999999999999,13,8,15,2,housing,A153
0.48499999999999993,13,8,15,2,housing,A153
0.48999999999999994,12,9,15,2,housing,A153
0.49499999999999994,12,9,15,2,housing,A153
0.49999999999999994,12,9,15,2,housing,A153
0.5049999999999999,12,9,15,2,housing,A153
0.5099999999999999,12,9,15,2,housing,A153
0.5149999999999999,12,9,15,2,housing,A153
0.5199999999999999,12,9,15,2,housing,A153
0.5249999999999999,12,9,15,2,housing,A153
0.5299999999999999,12,9,15,2,housing,A153
0.5349999999999999,12,9,15,2,housing,A153
0.5399999999999999,12,9,15,2,housing,A153
0.5449999999999999,12,9,15,2,housing,A153
0.5499999999999999,12,9,15,2,housing,A153
0.5549999999999999,12,9,15,2,housing,A153
0.5599999999999999,12,9,15,2,housing,A153
0.565,12,9,16,1,housing,A153
0.57,12,9,16,1,housing,A153
0.575,12,9,16,1,housing,A153
0.58,12,9,16,1,housing,A153
0.585,12,9,16,1,housing,A153
0.59,12,9,16,1,housing,A153
0.595,12,9,16,1,housing,A153
0.5999999999999999,12,9,16,1,housing,A153
0.6049999999999999,12,9,16,1,housing,A153
0.6099999999999999,11,10,16,1,housing,A153
0.6149999999999999,11,10,16,1,housing,A153
0.6199999999999999,11,10,16,1,housing,A153
0.6249999999999999,11,10,16,1,housing,A153
0.6299999999999999,11,10,16,1,housing,A153
0.6349999999999999,11,10,16,1,housing,A153
0.6399999999999999,11,10,16,1,housing,A153
0.6449999999999999,11,10,16,1,housing,A153
0.6499999999999999,11,10,16,1,housing,A153
0.6549999999999999,11,10,16,1,housing,A153
0.6599999999999999,11,10,16,1,housing,A153
0.6649999999999999,11,10,16,1,housing,A153
0.6699999999999999,11,10,16,1,housing,A153
0.6749999999999999,11,10,16,1,housing,A153
0.6799999999999999,11,10,16,1,housing,A153
0.6849999999999999,11,10,16,1,housing,A153
0.69,11,10,16,1,housing,A153
0.695,11,10,16,1,housing,A153
0.7,11,10,16,1,housing,A153
0.7049999999999998,11,10,16,1,housing,A153
0.7099999999999999,11,10,16,1,housing,A153
0.7149999999999999,11,10,16,1,housing,A153
0.7199999999999999,11,10,16,1,housing,A153
0.7249999999999999,11,10,16,1,housing,A153
0.7299999999999999,11,10,16,1,housing,A153
0.7349999999999999,11,10,16,1,housing,A153
0.7399999999999999,11,10,16,1,housing,A153
0.7449999999999999,11,10,16,1,housing,A153
0.7499999999999999,11,10,16,1,housing,A153
0.7549999999999999,11,10,17,0,housing,A153
0.7599999999999999,11,10,17,0,housing,A153
0.7649999999999999,11,10,17,0,housing,A153
0.7699999999999999,10,11,17,0,housing,A153
0.7749999999999999,10,11,17,0,housing,A153
0.7799999999999999,10,11,17,0,housing,A153
0.7849999999999999,10,11,17,0,housing,A153
0.7899999999999999,10,11,17,0,housing,A153
0.7949999999999999,10,11,17,0,housing,A153
0.7999999999999999,10,11,17,0,housing,A153
0.8049999999999999,10,11,17,0,housing,A153
0.8099999999999998,10,11,17,0,housing,A153
0.8149999999999998,10,11,17,0,housing,A153
0.8199999999999998,8,13,17,0,housing,A153
0.8249999999999998,8,13,17,0,housing,A153
0.8299999999999998,8,13,17,0,housing,A153
0.8349999999999999,8,13,17,0,housing,A153
0.8399999999999999,8,13,17,0,housing,A153
0.8449999999999999,7,14,17,0,housing,A153
0.8499999999999999,7,14,17,0,housing,A153
0.8549999999999999,6,15,17,0,housing,A153
0.8599999999999999,5,16,17,0,housing,A153
0.8649999999999999,5,16,17,0,housing,A153
0.8699999999999999,5,16,17,0,housing,A153
0.8749999999999999,4,17,17,0,housing,A153
0.8799999999999999,4,17,17,0,housing,A153
0.8849999999999999,4,17,17,0,housing,A153
0.8899999999999999,4,17,17,0,housing,A153
0.8949999999999999,4,17,17,0,housing,A153
0.8999999999999999,4,17,17,0,housing,A153
0.9049999999999999,3,18,17,0,housing,A153
0.9099999999999999,2,19,17,0,housing,A153
0.9149999999999999,2,19,17,0,housing,A153
0.9199999999999998,1,20,17,0,housing,A153
0.9249999999999998,1,20,17,0,housing,A153
0.9299999999999998,1,20,17,0,housing,A153
0.9349999999999998,1,20,17,0,housing,A153
0.9399999999999998,1,20,17,0,housing,A153
0.9449999999999998,1,20,17,0,housing,A153
0.9499999999999998,1,20,17,0,housing,A153
0.9549999999999998,1,20,17,0,housing,A153
0.9599999999999999,1,20,17,0,housing,A153
0.9649999999999999,1,20,17,0,housing,A153
0.08499999999999998,134,0,2,72,savings_acc_class,A61
0.08999999999999998,134,0,3,71,savings_acc_class,A61
0.09499999999999999,134,0,3,71,savings_acc_class,A61
0.09999999999999998,134,0,3,71,savings_acc_class,A61
0.10499999999999998,134,0,3,71,savings_acc_class,A61
0.10999999999999997,134,0,4,70,savings_acc_class,A61
0.11499999999999998,134,0,5,69,savings_acc_class,A61
0.11999999999999998,134,0,5,69,savings_acc_class,A61
0.12499999999999997,134,0,5,69,savings_acc_class,A61
0.12999999999999998,134,0,6,68,savings_acc_class,A61
0.13499999999999998,134,0,7,67,savings_acc_class,A61
0.13999999999999999,133,1,8,66,savings_acc_class,A61
0.145,133,1,9,65,savings_acc_class,A61
0.15,132,2,9,65,savings_acc_class,A61
0.155,131,3,11,63,savings_acc_class,A61
0.15999999999999998,131,3,11,63,savings_acc_class,A61
0.16499999999999998,130,4,11,63,savings_acc_class,A61
0.16999999999999998,129,5,11,63,savings_acc_class,A61
0.175,129,5,12,62,savings_acc_class,A61
0.18,129,5,12,62,savings_acc_class,A61
0.18499999999999997,129,5,12,62,savings_acc_class,A61
0.18999999999999997,127,7,14,60,savings_acc_class,A61
0.19499999999999998,127,7,14,60,savings_acc_class,A61
0.19999999999999998,126,8,16,58,savings_acc_class,A61
0.205,125,9,16,58,savings_acc_class,A61
0.20999999999999996,125,9,16,58,savings_acc_class,A61
0.21499999999999997,124,10,17,57,savings_acc_class,A61
0.21999999999999997,124,10,17,57,savings_acc_class,A61
0.22499999999999998,124,10,18,56,savings_acc_class,A61
0.22999999999999998,124,10,18,56,savings_acc_class,A61
0.235,124,10,18,56,savings_acc_class,A61
0.23999999999999996,123,11,20,54,savings_acc_class,A61
0.24499999999999997,123,11,20,54,savings_acc_class,A61
0.24999999999999997,123,11,22,52,savings_acc_class,A61
0.25499999999999995,121,13,23,51,savings_acc_class,A61
0.25999999999999995,120,14,23,51,savings_acc_class,A61
0.26499999999999996,120,14,23,51,savings_acc_class,A61
0.26999999999999996,120,14,24,50,savings_acc_class,A61
0.27499999999999997,120,14,24,50,savings_acc_class,A61
0.27999999999999997,120,14,24,50,savings_acc_class,A61
0.285,120,14,25,49,savings_acc_class,A61
0.29,120,14,26,48,savings_acc_class,A61
0.295,119,15,26,48,savings_acc_class,A61
0.3,118,16,28,46,savings_acc_class,A61
0.30499999999999994,118,16,31,43,savings_acc_class,A61
0.30999999999999994,118,16,32,42,savings_acc_class,A61
0.31499999999999995,118,16,33,41,savings_acc_class,A61
0.31999999999999995,118,16,33,41,savings_acc_class,A61
0.32499999999999996,118,16,34,40,savings_acc_class,A61
0.32999999999999996,118,16,35,39,savings_acc_class,A61
0.33499999999999996,117,17,35,39,savings_acc_class,A61
0.33999999999999997,115,19,35,39,savings_acc_class,A61
0.345,114,20,37,37,savings_acc_class,A61
0.35,112,22,38,36,savings_acc_class,A61
0.355,112,22,38,36,savings_acc_class,A61
0.35999999999999993,111,23,40,34,savings_acc_class,A61
0.36499999999999994,109,25,40,34,savings_acc_class,A61
0.36999999999999994,108,26,42,32,savings_acc_class,A61
0.37499999999999994,108,26,42,32,savings_acc_class,A61
0.37999999999999995,108,26,43,31,savings_acc_class,A61
0.38499999999999995,107,27,43,31,savings_acc_class,A61
0.38999999999999996,107,27,43,31,savings_acc_class,A61
0.39499999999999996,106,28,45,29,savings_acc_class,A61
0.39999999999999997,105,29,45,29,savings_acc_class,A61
0.40499999999999997,105,29,46,28,savings_acc_class,A61
0.4099999999999999,103,31,48,26,savings_acc_class,A61
0.4149999999999999,102,32,49,25,savings_acc_class,A61
0.41999999999999993,101,33,49,25,savings_acc_class,A61
0.42499999999999993,101,33,49,25,savings_acc_class,A61
0.42999999999999994,101,33,51,23,savings_acc_class,A61
0.43499999999999994,99,35,51,23,savings_acc_class,A61
0.43999999999999995,98,36,52,22,savings_acc_class,A61
0.44499999999999995,98,36,54,20,savings_acc_class,A61
0.44999999999999996,98,36,54,20,savings_acc_class,A61
0.45499999999999996,98,36,54,20,savings_acc_class,A61
0.45999999999999996,97,37,54,20,savings_acc_class,A61
0.4649999999999999,95,39,54,20,savings_acc_class,A61
0.4699999999999999,94,40,56,18,savings_acc_class,A61
0.4749999999999999,92,42,56,18,savings_acc_class,A61
0.4799999999999999,90,44,57,17,savings_acc_class,A61
0.48499999999999993,89,45,57,17,savings_acc_class,A61
0.48999999999999994,87,47,58,16,savings_acc_class,A61
0.49499999999999994,86,48,60,14,savings_acc_class,A61
0.49999999999999994,86,48,60,14,savings_acc_class,A61
0.5049999999999999,86,48,60,14,savings_acc_class,A61
0.5099999999999999,86,48,60,14,savings_acc_class,A61
0.5149999999999999,85,49,60,14,savings_acc_class,A61
0.5199999999999999,85,49,60,14,savings_acc_class,A61
0.5249999999999999,84,50,60,14,savings_acc_class,A61
0.5299999999999999,81,53,61,13,savings_acc_class,A61
0.5349999999999999,81,53,63,11,savings_acc_class,A61
0.5399999999999999,78,56,64,10,savings_acc_class,A61
0.5449999999999999,77,57,64,10,savings_acc_class,A61
0.5499999999999999,76,58,64,10,savings_acc_class,A61
0.5549999999999999,73,61,65,9,savings_acc_class,A61
0.5599999999999999,71,63,65,9,savings_acc_class,A61
0.565,70,64,66,8,savings_acc_class,A61
0.57,69,65,66,8,savings_acc_class,A61
0.575,69,65,66,8,savings_acc_class,A61
0.58,68,66,66,8,savings_acc_class,A61
0.585,67,67,67,7,savings_acc_class,A61
0.59,67,67,67,7,savings_acc_class,A61
0.595,67,67,67,7,savings_acc_class,A61
0.5999999999999999,67,67,67,7,savings_acc_class,A61
0.6049999999999999,66,68,67,7,savings_acc_class,A61
0.6099999999999999,65,69,67,7,savings_acc_class,A61
0.6149999999999999,65,69,68,6,savings_acc_class,A61
0.6199999999999999,65,69,68,6,savings_acc_class,A61
0.6249999999999999,63,71,68,6,savings_acc_class,A61
0.6299999999999999,63,71,68,6,savings_acc_class,A61
0.6349999999999999,62,72,68,6,savings_acc_class,A61
0.6399999999999999,60,74,68,6,savings_acc_class,A61
0.6449999999999999,57,77,68,6,savings_acc_class,A61
0.6499999999999999,55,79,69,5,savings_acc_class,A61
0.6549999999999999,55,79,69,5,savings_acc_class,A61
0.6599999999999999,55,79,69,5,savings_acc_class,A61
0.6649999999999999,54,80,69,5,savings_acc_class,A61
0.6699999999999999,53,81,70,4,savings_acc_class,A61
0.6749999999999999,53,81,70,4,savings_acc_class,A61
0.6799999999999999,51,83,70,4,savings_acc_class,A61
0.6849999999999999,51,83,70,4,savings_acc_class,A61
0.69,49,85,70,4,savings_acc_class,A61
0.695,49,85,70,4,savings_acc_class,A61
0.7,49,85,71,3,savings_acc_class,A61
0.7049999999999998,48,86,71,3,savings_acc_class,A61
0.7099999999999999,47,87,71,3,savings_acc_class,A61
0.7149999999999999,47,87,71,3,savings_acc_class,A61
0.7199999999999999,47,87,71,3,savings_acc_class,A61
0.7249999999999999,46,88,71,3,savings_acc_class,A61
0.7299999999999999,46,88,72,2,savings_acc_class,A61
0.7349999999999999,45,89,72,2,savings_acc_class,A61
0.7399999999999999,45,89,72,2,savings_acc_class,A61
0.7449999999999999,45,89,72,2,savings_acc_class,A61
0.7499999999999999,44,90,72,2,savings_acc_class,A61
0.7549999999999999,43,91,72,2,savings_acc_class,A61
0.7599999999999999,41,93,72,2,savings_acc_class,A61
0.7649999999999999,40,94,72,2,savings_acc_class,A61
0.7699999999999999,40,94,72,2,savings_acc_class,A61
0.7749999999999999,39,95,72,2,savings_acc_class,A61
0.7799999999999999,38,96,72,2,savings_acc_class,A61
0.7849999999999999,38,96,72,2,savings_acc_class,A61
0.7899999999999999,38,96,72,2,savings_acc_class,A61
0.7949999999999999,38,96,72,2,savings_acc_class,A61
0.7999999999999999,37,97,72,2,savings_acc_class,A61
0.8049999999999999,36,98,72,2,savings_acc_class,A61
0.8099999999999998,34,100,72,2,savings_acc_class,A61
0.8149999999999998,34,100,72,2,savings_acc_class,A61
0.8199999999999998,32,102,72,2,savings_acc_class,A61
0.8249999999999998,31,103,72,2,savings_acc_class,A61
0.8299999999999998,29,105,72,2,savings_acc_class,A61
0.8349999999999999,26,108,72,2,savings_acc_class,A61
0.8399999999999999,26,108,72,2,savings_acc_class,A61
0.8449999999999999,26,108,72,2,savings_acc_class,A61
0.8499999999999999,24,110,72,2,savings_acc_class,A61
0.8549999999999999,23,111,72,2,savings_acc_class,A61
0.8599999999999999,22,112,73,1,savings_acc_class,A61
0.8649999999999999,19,115,73,1,savings_acc_class,A61
0.8699999999999999,18,116,73,1,savings_acc_class,A61
0.8749999999999999,17,117,73,1,savings_acc_class,A61
0.8799999999999999,16,118,73,1,savings_acc_class,A61
0.8849999999999999,14,120,73,1,savings_acc_class,A61
0.8899999999999999,13,121,73,1,savings_acc_class,A61
0.8949999999999999,11,123,73,1,savings_acc_class,A61
0.8999999999999999,8,126,73,1,savings_acc_class,A61
0.9049999999999999,5,129,73,1,savings_acc_class,A61
0.9099999999999999,5,129,73,1,savings_acc_class,A61
0.9149999999999999,5,129,73,1,savings_acc_class,A61
0.9199999999999998,3,131,73,1,savings_acc_class,A61
0.9249999999999998,2,132,73,1,savings_acc_class,A61
0.9299999999999998,2,132,73,1,savings_acc_class,A61
0.9349999999999998,2,132,73,1,savings_acc_class,A61
0.9399999999999998,1,133,74,0,savings_acc_class,A61
0.27499999999999997,23,0,1,3,savings_acc_class,A63
0.27999999999999997,23,0,1,3,savings_acc_class,A63
0.285,23,0,1,3,savings_acc_class,A63
0.29,23,0,1,3,savings_acc_class,A63
0.295,23,0,1,3,savings_acc_class,A63
0.3,23,0,1,3,savings_acc_class,A63
0.30499999999999994,23,0,1,3,savings_acc_class,A63
0.30999999999999994,23,0,1,3,savings_acc_class,A63
0.31499999999999995,23,0,1,3,savings_acc_class,A63
0.31999999999999995,23,0,1,3,savings_acc_class,A63
0.32499999999999996,22,1,1,3,savings_acc_class,A63
0.32999999999999996,22,1,1,3,savings_acc_class,A63
0.33499999999999996,22,1,1,3,savings_acc_class,A63
0.33999999999999997,22,1,1,3,savings_acc_class,A63
0.345,22,1,1,3,savings_acc_class,A63
0.35,22,1,1,3,savings_acc_class,A63
0.355,20,3,1,3,savings_acc_class,A63
0.35999999999999993,20,3,1,3,savings_acc_class,A63
0.36499999999999994,20,3,1,3,savings_acc_class,A63
0.36999999999999994,20,3,1,3,savings_acc_class,A63
0.37499999999999994,20,3,2,2,savings_acc_class,A63
0.37999999999999995,20,3,2,2,savings_acc_class,A63
0.38499999999999995,20,3,2,2,savings_acc_class,A63
0.38999999999999996,20,3,2,2,savings_acc_class,A63
0.39499999999999996,20,3,2,2,savings_acc_class,A63
0.39999999999999997,20,3,2,2,savings_acc_class,A63
0.40499999999999997,20,3,2,2,savings_acc_class,A63
0.4099999999999999,20,3,2,2,savings_acc_class,A63
0.4149999999999999,20,3,2,2,savings_acc_class,A63
0.41999999999999993,20,3,2,2,savings_acc_class,A63
0.42499999999999993,20,3,2,2,savings_acc_class,A63
0.42999999999999994,19,4,2,2,savings_acc_class,A63
0.43499999999999994,19,4,2,2,savings_acc_class,A63
0.43999999999999995,19,4,2,2,savings_acc_class,A63
0.44499999999999995,19,4,2,2,savings_acc_class,A63
0.44999999999999996,19,4,2,2,savings_acc_class,A63
0.45499999999999996,19,4,2,2,savings_acc_class,A63
0.45999999999999996,19,4,2,2,savings_acc_class,A63
0.4649999999999999,19,4,2,2,savings_acc_class,A63
0.4699999999999999,19,4,2,2,savings_acc_class,A63
0.4749999999999999,19,4,2,2,savings_acc_class,A63
0.4799999999999999,19,4,2,2,savings_acc_class,A63
0.48499999999999993,19,4,2,2,savings_acc_class,A63
0.48999999999999994,19,4,2,2,savings_acc_class,A63
0.49499999999999994,19,4,2,2,savings_acc_class,A63
0.49999999999999994,19,4,2,2,savings_acc_class,A63
0.5049999999999999,19,4,2,2,savings_acc_class,A63
0.5099999999999999,19,4,2,2,savings_acc_class,A63
0.5149999999999999,19,4,2,2,savings_acc_class,A63
0.5199999999999999,19,4,2,2,savings_acc_class,A63
0.5249999999999999,19,4,2,2,savings_acc_class,A63
0.5299999999999999,19,4,2,2,savings_acc_class,A63
0.5349999999999999,19,4,2,2,savings_acc_class,A63
0.5399999999999999,19,4,2,2,savings_acc_class,A63
0.5449999999999999,19,4,2,2,savings_acc_class,A63
0.5499999999999999,19,4,2,2,savings_acc_class,A63
0.5549999999999999,19,4,2,2,savings_acc_class,A63
0.5599999999999999,19,4,2,2,savings_acc_class,A63
0.565,18,5,2,2,savings_acc_class,A63
0.57,18,5,2,2,savings_acc_class,A63
0.575,18,5,2,2,savings_acc_class,A63
0.58,18,5,2,2,savings_acc_class,A63
0.585,18,5,2,2,savings_acc_class,A63
0.59,18,5,2,2,savings_acc_class,A63
0.595,18,5,2,2,savings_acc_class,A63
0.5999999999999999,17,6,2,2,savings_acc_class,A63
0.6049999999999999,17,6,2,2,savings_acc_class,A63
0.6099999999999999,17,6,2,2,savings_acc_class,A63
0.6149999999999999,17,6,2,2,savings_acc_class,A63
0.6199999999999999,17,6,2,2,savings_acc_class,A63
0.6249999999999999,17,6,2,2,savings_acc_class,A63
0.6299999999999999,17,6,2,2,savings_acc_class,A63
0.6349999999999999,17,6,2,2,savings_acc_class,A63
0.6399999999999999,17,6,2,2,savings_acc_class,A63
0.6449999999999999,17,6,2,2,savings_acc_class,A63
0.6499999999999999,17,6,2,2,savings_acc_class,A63
0.6549999999999999,17,6,2,2,savings_acc_class,A63
0.6599999999999999,16,7,2,2,savings_acc_class,A63
0.6649999999999999,16,7,2,2,savings_acc_class,A63
0.6699999999999999,15,8,2,2,savings_acc_class,A63
0.6749999999999999,15,8,2,2,savings_acc_class,A63
0.6799999999999999,15,8,2,2,savings_acc_class,A63
0.6849999999999999,15,8,2,2,savings_acc_class,A63
0.69,14,9,2,2,savings_acc_class,A63
0.695,13,10,2,2,savings_acc_class,A63
0.7,13,10,2,2,savings_acc_class,A63
0.7049999999999998,13,10,2,2,savings_acc_class,A63
0.7099999999999999,13,10,2,2,savings_acc_class,A63
0.7149999999999999,12,11,2,2,savings_acc_class,A63
0.7199999999999999,12,11,2,2,savings_acc_class,A63
0.7249999999999999,12,11,2,2,savings_acc_class,A63
0.7299999999999999,12,11,2,2,savings_acc_class,A63
0.7349999999999999,12,11,2,2,savings_acc_class,A63
0.7399999999999999,12,11,2,2,savings_acc_class,A63
0.7449999999999999,11,12,2,2,savings_acc_class,A63
0.7499999999999999,11,12,2,2,savings_acc_class,A63
0.7549999999999999,10,13,2,2,savings_acc_class,A63
0.7599999999999999,10,13,2,2,savings_acc_class,A63
0.7649999999999999,10,13,2,2,savings_acc_class,A63
0.7699999999999999,9,14,2,2,savings_acc_class,A63
0.7749999999999999,9,14,2,2,savings_acc_class,A63
0.7799999999999999,9,14,2,2,savings_acc_class,A63
0.7849999999999999,8,15,2,2,savings_acc_class,A63
0.7899999999999999,7,16,2,2,savings_acc_class,A63
0.7949999999999999,7,16,2,2,savings_acc_class,A63
0.7999999999999999,7,16,3,1,savings_acc_class,A63
0.8049999999999999,7,16,3,1,savings_acc_class,A63
0.8099999999999998,7,16,3,1,savings_acc_class,A63
0.8149999999999998,7,16,3,1,savings_acc_class,A63
0.8199999999999998,7,16,3,1,savings_acc_class,A63
0.8249999999999998,7,16,3,1,savings_acc_class,A63
0.8299999999999998,7,16,3,1,savings_acc_class,A63
0.8349999999999999,7,16,4,0,savings_acc_class,A63
0.8399999999999999,7,16,4,0,savings_acc_class,A63
0.8449999999999999,6,17,4,0,savings_acc_class,A63
0.8499999999999999,5,18,4,0,savings_acc_class,A63
0.8549999999999999,5,18,4,0,savings_acc_class,A63
0.8599999999999999,4,19,4,0,savings_acc_class,A63
0.8649999999999999,4,19,4,0,savings_acc_class,A63
0.8699999999999999,4,19,4,0,savings_acc_class,A63
0.8749999999999999,4,19,4,0,savings_acc_class,A63
0.8799999999999999,4,19,4,0,savings_acc_class,A63
0.8849999999999999,4,19,4,0,savings_acc_class,A63
0.8899999999999999,3,20,4,0,savings_acc_class,A63
0.8949999999999999,3,20,4,0,savings_acc_class,A63
0.8999999999999999,3,20,4,0,savings_acc_class,A63
0.9049999999999999,3,20,4,0,savings_acc_class,A63
0.9099999999999999,2,21,4,0,savings_acc_class,A63
0.9149999999999999,1,22,4,0,savings_acc_class,A63
0.9199999999999998,1,22,4,0,savings_acc_class,A63
0.08999999999999998,21,1,0,12,savings_acc_class,A62
0.09499999999999999,21,1,1,11,savings_acc_class,A62
0.09999999999999998,21,1,1,11,savings_acc_class,A62
0.10499999999999998,21,1,2,10,savings_acc_class,A62
0.10999999999999997,21,1,2,10,savings_acc_class,A62
0.11499999999999998,21,1,2,10,savings_acc_class,A62
0.11999999999999998,21,1,3,9,savings_acc_class,A62
0.12499999999999997,21,1,3,9,savings_acc_class,A62
0.12999999999999998,21,1,3,9,savings_acc_class,A62
0.13499999999999998,21,1,3,9,savings_acc_class,A62
0.13999999999999999,21,1,3,9,savings_acc_class,A62
0.145,21,1,3,9,savings_acc_class,A62
0.15,21,1,3,9,savings_acc_class,A62
0.155,21,1,3,9,savings_acc_class,A62
0.15999999999999998,21,1,3,9,savings_acc_class,A62
0.16499999999999998,21,1,3,9,savings_acc_class,A62
0.16999999999999998,21,1,3,9,savings_acc_class,A62
0.175,21,1,3,9,savings_acc_class,A62
0.18,21,1,3,9,savings_acc_class,A62
0.18499999999999997,21,1,3,9,savings_acc_class,A62
0.18999999999999997,21,1,3,9,savings_acc_class,A62
0.19499999999999998,21,1,3,9,savings_acc_class,A62
0.19999999999999998,21,1,4,8,savings_acc_class,A62
0.205,21,1,4,8,savings_acc_class,A62
0.20999999999999996,21,1,4,8,savings_acc_class,A62
0.21499999999999997,21,1,4,8,savings_acc_class,A62
0.21999999999999997,21,1,4,8,savings_acc_class,A62
0.22499999999999998,21,1,4,8,savings_acc_class,A62
0.22999999999999998,21,1,4,8,savings_acc_class,A62
0.235,21,1,4,8,savings_acc_class,A62
0.23999999999999996,21,1,4,8,savings_acc_class,A62
0.24499999999999997,21,1,4,8,savings_acc_class,A62
0.24999999999999997,21,1,4,8,savings_acc_class,A62
0.25499999999999995,21,1,4,8,savings_acc_class,A62
0.25999999999999995,21,1,4,8,savings_acc_class,A62
0.26499999999999996,21,1,4,8,savings_acc_class,A62
0.26999999999999996,21,1,4,8,savings_acc_class,A62
0.27499999999999997,21,1,4,8,savings_acc_class,A62
0.27999999999999997,21,1,4,8,savings_acc_class,A62
0.285,21,1,4,8,savings_acc_class,A62
0.29,20,2,4,8,savings_acc_class,A62
0.295,20,2,4,8,savings_acc_class,A62
0.3,19,3,4,8,savings_acc_class,A62
0.30499999999999994,19,3,4,8,savings_acc_class,A62
0.30999999999999994,18,4,5,7,savings_acc_class,A62
0.31499999999999995,18,4,5,7,savings_acc_class,A62
0.31999999999999995,18,4,5,7,savings_acc_class,A62
0.32499999999999996,18,4,5,7,savings_acc_class,A62
0.32999999999999996,18,4,6,6,savings_acc_class,A62
0.33499999999999996,18,4,6,6,savings_acc_class,A62
0.33999999999999997,18,4,6,6,savings_acc_class,A62
0.345,18,4,6,6,savings_acc_class,A62
0.35,18,4,6,6,savings_acc_class,A62
0.355,18,4,6,6,savings_acc_class,A62
0.35999999999999993,18,4,7,5,savings_acc_class,A62
0.36499999999999994,18,4,7,5,savings_acc_class,A62
0.36999999999999994,18,4,7,5,savings_acc_class,A62
0.37499999999999994,18,4,7,5,savings_acc_class,A62
0.37999999999999995,18,4,7,5,savings_acc_class,A62
0.38499999999999995,18,4,7,5,savings_acc_class,A62
0.38999999999999996,17,5,7,5,savings_acc_class,A62
0.39499999999999996,17,5,7,5,savings_acc_class,A62
0.39999999999999997,17,5,7,5,savings_acc_class,A62
0.40499999999999997,15,7,7,5,savings_acc_class,A62
0.4099999999999999,15,7,7,5,savings_acc_class,A62
0.4149999999999999,15,7,7,5,savings_acc_class,A62
0.41999999999999993,15,7,7,5,savings_acc_class,A62
0.42499999999999993,15,7,7,5,savings_acc_class,A62
0.42999999999999994,15,7,7,5,savings_acc_class,A62
0.43499999999999994,15,7,7,5,savings_acc_class,A62
0.43999999999999995,15,7,7,5,savings_acc_class,A62
0.44499999999999995,14,8,7,5,savings_acc_class,A62
0.44999999999999996,14,8,7,5,savings_acc_class,A62
0.45499999999999996,14,8,8,4,savings_acc_class,A62
0.45999999999999996,14,8,8,4,savings_acc_class,A62
0.4649999999999999,14,8,8,4,savings_acc_class,A62
0.4699999999999999,14,8,8,4,savings_acc_class,A62
0.4749999999999999,14,8,8,4,savings_acc_class,A62
0.4799999999999999,14,8,8,4,savings_acc_class,A62
0.48499999999999993,14,8,8,4,savings_acc_class,A62
0.48999999999999994,14,8,8,4,savings_acc_class,A62
0.49499999999999994,14,8,8,4,savings_acc_class,A62
0.49999999999999994,14,8,8,4,savings_acc_class,A62
0.5049999999999999,14,8,8,4,savings_acc_class,A62
0.5099999999999999,13,9,8,4,savings_acc_class,A62
0.5149999999999999,13,9,9,3,savings_acc_class,A62
0.5199999999999999,13,9,9,3,savings_acc_class,A62
0.5249999999999999,13,9,9,3,savings_acc_class,A62
0.5299999999999999,13,9,9,3,savings_acc_class,A62
0.5349999999999999,13,9,9,3,savings_acc_class,A62
0.5399999999999999,13,9,9,3,savings_acc_class,A62
0.5449999999999999,13,9,9,3,savings_acc_class,A62
0.5499999999999999,13,9,9,3,savings_acc_class,A62
0.5549999999999999,13,9,9,3,savings_acc_class,A62
0.5599999999999999,13,9,9,3,savings_acc_class,A62
0.565,13,9,10,2,savings_acc_class,A62
0.57,13,9,10,2,savings_acc_class,A62
0.575,13,9,10,2,savings_acc_class,A62
0.58,13,9,10,2,savings_acc_class,A62
0.585,13,9,10,2,savings_acc_class,A62
0.59,13,9,10,2,savings_acc_class,A62
0.595,13,9,10,2,savings_acc_class,A62
0.5999999999999999,13,9,10,2,savings_acc_class,A62
0.6049999999999999,13,9,10,2,savings_acc_class,A62
0.6099999999999999,13,9,10,2,savings_acc_class,A62
0.6149999999999999,13,9,10,2,savings_acc_class,A62
0.6199999999999999,13,9,10,2,savings_acc_class,A62
0.6249999999999999,13,9,10,2,savings_acc_class,A62
0.6299999999999999,13,9,10,2,savings_acc_class,A62
0.6349999999999999,13,9,10,2,savings_acc_class,A62
0.6399999999999999,13,9,10,2,savings_acc_class,A62
0.6449999999999999,13,9,10,2,savings_acc_class,A62
0.6499999999999999,13,9,10,2,savings_acc_class,A62
0.6549999999999999,13,9,10,2,savings_acc_class,A62
0.6599999999999999,12,10,10,2,savings_acc_class,A62
0.6649999999999999,12,10,10,2,savings_acc_class,A62
0.6699999999999999,11,11,10,2,savings_acc_class,A62
0.6749999999999999,11,11,10,2,savings_acc_class,A62
0.6799999999999999,11,11,10,2,savings_acc_class,A62
0.6849999999999999,11,11,10,2,savings_acc_class,A62
0.69,11,11,10,2,savings_acc_class,A62
0.695,10,12,10,2,savings_acc_class,A62
0.7,9,13,10,2,savings_acc_class,A62
0.7049999999999998,9,13,10,2,savings_acc_class,A62
0.7099999999999999,9,13,10,2,savings_acc_class,A62
0.7149999999999999,9,13,10,2,savings_acc_class,A62
0.7199999999999999,9,13,10,2,savings_acc_class,A62
0.7249999999999999,9,13,10,2,savings_acc_class,A62
0.7299999999999999,9,13,10,2,savings_acc_class,A62
0.7349999999999999,9,13,10,2,savings_acc_class,A62
0.7399999999999999,9,13,10,2,savings_acc_class,A62
0.7449999999999999,9,13,10,2,savings_acc_class,A62
0.7499999999999999,9,13,10,2,savings_acc_class,A62
0.7549999999999999,9,13,10,2,savings_acc_class,A62
0.7599999999999999,9,13,10,2,savings_acc_class,A62
0.7649999999999999,9,13,10,2,savings_acc_class,A62
0.7699999999999999,9,13,10,2,savings_acc_class,A62
0.7749999999999999,9,13,11,1,savings_acc_class,A62
0.7799999999999999,9,13,11,1,savings_acc_class,A62
0.7849999999999999,9,13,11,1,savings_acc_class,A62
0.7899999999999999,8,14,11,1,savings_acc_class,A62
0.7949999999999999,8,14,11,1,savings_acc_class,A62
0.7999999999999999,8,14,11,1,savings_acc_class,A62
0.8049999999999999,8,14,11,1,savings_acc_class,A62
0.8099999999999998,8,14,11,1,savings_acc_class,A62
0.8149999999999998,8,14,11,1,savings_acc_class,A62
0.8199999999999998,8,14,11,1,savings_acc_class,A62
0.8249999999999998,8,14,11,1,savings_acc_class,A62
0.8299999999999998,8,14,11,1,savings_acc_class,A62
0.8349999999999999,8,14,11,1,savings_acc_class,A62
0.8399999999999999,7,15,11,1,savings_acc_class,A62
0.8449999999999999,7,15,11,1,savings_acc_class,A62
0.8499999999999999,5,17,11,1,savings_acc_class,A62
0.8549999999999999,4,18,11,1,savings_acc_class,A62
0.8599999999999999,4,18,11,1,savings_acc_class,A62
0.8649999999999999,4,18,11,1,savings_acc_class,A62
0.8699999999999999,3,19,11,1,savings_acc_class,A62
0.8749999999999999,3,19,11,1,savings_acc_class,A62
0.8799999999999999,3,19,11,1,savings_acc_class,A62
0.8849999999999999,3,19,11,1,savings_acc_class,A62
0.8899999999999999,3,19,11,1,savings_acc_class,A62
0.8949999999999999,3,19,11,1,savings_acc_class,A62
0.8999999999999999,3,19,12,0,savings_acc_class,A62
0.9049999999999999,2,20,12,0,savings_acc_class,A62
0.9099999999999999,2,20,12,0,savings_acc_class,A62
0.9149999999999999,2,20,12,0,savings_acc_class,A62
0.9199999999999998,1,21,12,0,savings_acc_class,A62
0.9249999999999998,1,21,12,0,savings_acc_class,A62
0.9299999999999998,1,21,12,0,savings_acc_class,A62
0.23999999999999996,51,1,0,11,savings_acc_class,A65
0.24499999999999997,51,1,0,11,savings_acc_class,A65
0.24999999999999997,51,1,0,11,savings_acc_class,A65
0.25499999999999995,51,1,0,11,savings_acc_class,A65
0.25999999999999995,51,1,0,11,savings_acc_class,A65
0.26499999999999996,51,1,0,11,savings_acc_class,A65
0.26999999999999996,51,1,0,11,savings_acc_class,A65
0.27499999999999997,51,1,0,11,savings_acc_class,A65
0.27999999999999997,51,1,0,11,savings_acc_class,A65
0.285,50,2,0,11,savings_acc_class,A65
0.29,50,2,0,11,savings_acc_class,A65
0.295,50,2,0,11,savings_acc_class,A65
0.3,50,2,0,11,savings_acc_class,A65
0.30499999999999994,50,2,0,11,savings_acc_class,A65
0.30999999999999994,49,3,0,11,savings_acc_class,A65
0.31499999999999995,49,3,0,11,savings_acc_class,A65
0.31999999999999995,49,3,0,11,savings_acc_class,A65
0.32499999999999996,49,3,1,10,savings_acc_class,A65
0.32999999999999996,49,3,1,10,savings_acc_class,A65
0.33499999999999996,49,3,1,10,savings_acc_class,A65
0.33999999999999997,49,3,2,9,savings_acc_class,A65
0.345,49,3,2,9,savings_acc_class,A65
0.35,49,3,2,9,savings_acc_class,A65
0.355,49,3,2,9,savings_acc_class,A65
0.35999999999999993,49,3,2,9,savings_acc_class,A65
0.36499999999999994,49,3,2,9,savings_acc_class,A65
0.36999999999999994,49,3,2,9,savings_acc_class,A65
0.37499999999999994,49,3,2,9,savings_acc_class,A65
0.37999999999999995,49,3,2,9,savings_acc_class,A65
0.38499999999999995,49,3,2,9,savings_acc_class,A65
0.38999999999999996,49,3,2,9,savings_acc_class,A65
0.39499999999999996,49,3,2,9,savings_acc_class,A65
0.39999999999999997,49,3,2,9,savings_acc_class,A65
0.40499999999999997,49,3,2,9,savings_acc_class,A65
0.4099999999999999,49,3,2,9,savings_acc_class,A65
0.4149999999999999,49,3,2,9,savings_acc_class,A65
0.41999999999999993,49,3,2,9,savings_acc_class,A65
0.42499999999999993,49,3,2,9,savings_acc_class,A65
0.42999999999999994,49,3,3,8,savings_acc_class,A65
0.43499999999999994,49,3,3,8,savings_acc_class,A65
0.43999999999999995,49,3,3,8,savings_acc_class,A65
0.44499999999999995,49,3,3,8,savings_acc_class,A65
0.44999999999999996,49,3,3,8,savings_acc_class,A65
0.45499999999999996,49,3,3,8,savings_acc_class,A65
0.45999999999999996,49,3,3,8,savings_acc_class,A65
0.4649999999999999,49,3,3,8,savings_acc_class,A65
0.4699999999999999,49,3,3,8,savings_acc_class,A65
0.4749999999999999,49,3,4,7,savings_acc_class,A65
0.4799999999999999,48,4,4,7,savings_acc_class,A65
0.48499999999999993,48,4,4,7,savings_acc_class,A65
0.48999999999999994,46,6,4,7,savings_acc_class,A65
0.49499999999999994,46,6,4,7,savings_acc_class,A65
0.49999999999999994,46,6,4,7,savings_acc_class,A65
0.5049999999999999,46,6,4,7,savings_acc_class,A65
0.5099999999999999,46,6,5,6,savings_acc_class,A65
0.5149999999999999,46,6,5,6,savings_acc_class,A65
0.5199999999999999,46,6,5,6,savings_acc_class,A65
0.5249999999999999,46,6,5,6,savings_acc_class,A65
0.5299999999999999,46,6,5,6,savings_acc_class,A65
0.5349999999999999,46,6,5,6,savings_acc_class,A65
0.5399999999999999,45,7,5,6,savings_acc_class,A65
0.5449999999999999,45,7,5,6,savings_acc_class,A65
0.5499999999999999,45,7,5,6,savings_acc_class,A65
0.5549999999999999,45,7,5,6,savings_acc_class,A65
0.5599999999999999,45,7,5,6,savings_acc_class,A65
0.565,44,8,5,6,savings_acc_class,A65
0.57,44,8,5,6,savings_acc_class,A65
0.575,44,8,5,6,savings_acc_class,A65
0.58,44,8,5,6,savings_acc_class,A65
0.585,44,8,5,6,savings_acc_class,A65
0.59,44,8,5,6,savings_acc_class,A65
0.595,44,8,5,6,savings_acc_class,A65
0.5999999999999999,44,8,6,5,savings_acc_class,A65
0.6049999999999999,44,8,7,4,savings_acc_class,A65
0.6099999999999999,44,8,7,4,savings_acc_class,A65
0.6149999999999999,44,8,7,4,savings_acc_class,A65
0.6199999999999999,44,8,7,4,savings_acc_class,A65
0.6249999999999999,44,8,7,4,savings_acc_class,A65
0.6299999999999999,44,8,7,4,savings_acc_class,A65
0.6349999999999999,44,8,7,4,savings_acc_class,A65
0.6399999999999999,44,8,7,4,savings_acc_class,A65
0.6449999999999999,44,8,7,4,savings_acc_class,A65
0.6499999999999999,44,8,7,4,savings_acc_class,A65
0.6549999999999999,44,8,7,4,savings_acc_class,A65
0.6599999999999999,44,8,7,4,savings_acc_class,A65
0.6649999999999999,44,8,7,4,savings_acc_class,A65
0.6699999999999999,44,8,7,4,savings_acc_class,A65
0.6749999999999999,44,8,7,4,savings_acc_class,A65
0.6799999999999999,44,8,7,4,savings_acc_class,A65
0.6849999999999999,44,8,7,4,savings_acc_class,A65
0.69,44,8,8,3,savings_acc_class,A65
0.695,43,9,8,3,savings_acc_class,A65
0.7,43,9,8,3,savings_acc_class,A65
0.7049999999999998,43,9,8,3,savings_acc_class,A65
0.7099999999999999,42,10,8,3,savings_acc_class,A65
0.7149999999999999,42,10,8,3,savings_acc_class,A65
0.7199999999999999,42,10,8,3,savings_acc_class,A65
0.7249999999999999,41,11,8,3,savings_acc_class,A65
0.7299999999999999,41,11,8,3,savings_acc_class,A65
0.7349999999999999,41,11,8,3,savings_acc_class,A65
0.7399999999999999,41,11,8,3,savings_acc_class,A65
0.7449999999999999,40,12,8,3,savings_acc_class,A65
0.7499999999999999,40,12,8,3,savings_acc_class,A65
0.7549999999999999,40,12,8,3,savings_acc_class,A65
0.7599999999999999,40,12,8,3,savings_acc_class,A65
0.7649999999999999,40,12,8,3,savings_acc_class,A65
0.7699999999999999,39,13,8,3,savings_acc_class,A65
0.7749999999999999,39,13,8,3,savings_acc_class,A65
0.7799999999999999,39,13,8,3,savings_acc_class,A65
0.7849999999999999,38,14,9,2,savings_acc_class,A65
0.7899999999999999,38,14,9,2,savings_acc_class,A65
0.7949999999999999,37,15,9,2,savings_acc_class,A65
0.7999999999999999,37,15,9,2,savings_acc_class,A65
0.8049999999999999,37,15,9,2,savings_acc_class,A65
0.8099999999999998,37,15,9,2,savings_acc_class,A65
0.8149999999999998,37,15,9,2,savings_acc_class,A65
0.8199999999999998,34,18,9,2,savings_acc_class,A65
0.8249999999999998,34,18,9,2,savings_acc_class,A65
0.8299999999999998,32,20,9,2,savings_acc_class,A65
0.8349999999999999,32,20,9,2,savings_acc_class,A65
0.8399999999999999,32,20,9,2,savings_acc_class,A65
0.8449999999999999,30,22,9,2,savings_acc_class,A65
0.8499999999999999,30,22,9,2,savings_acc_class,A65
0.8549999999999999,30,22,9,2,savings_acc_class,A65
0.8599999999999999,29,23,9,2,savings_acc_class,A65
0.8649999999999999,29,23,9,2,savings_acc_class,A65
0.8699999999999999,26,26,9,2,savings_acc_class,A65
0.8749999999999999,24,28,10,1,savings_acc_class,A65
0.8799999999999999,24,28,10,1,savings_acc_class,A65
0.8849999999999999,24,28,10,1,savings_acc_class,A65
0.8899999999999999,24,28,10,1,savings_acc_class,A65
0.8949999999999999,22,30,10,1,savings_acc_class,A65
0.8999999999999999,20,32,10,1,savings_acc_class,A65
0.9049999999999999,19,33,10,1,savings_acc_class,A65
0.9099999999999999,17,35,10,1,savings_acc_class,A65
0.9149999999999999,17,35,10,1,savings_acc_class,A65
0.9199999999999998,15,37,10,1,savings_acc_class,A65
0.9249999999999998,14,38,10,1,savings_acc_class,A65
0.9299999999999998,13,39,10,1,savings_acc_class,A65
0.9349999999999998,12,40,10,1,savings_acc_class,A65
0.9399999999999998,10,42,10,1,savings_acc_class,A65
0.9449999999999998,9,43,10,1,savings_acc_class,A65
0.9499999999999998,7,45,10,1,savings_acc_class,A65
0.9549999999999998,7,45,10,1,savings_acc_class,A65
0.9599999999999999,7,45,10,1,savings_acc_class,A65
0.9649999999999999,4,48,11,0,savings_acc_class,A65
0.9699999999999999,1,51,11,0,savings_acc_class,A65
0.9749999999999999,1,51,11,0,savings_acc_class,A65
0.205,14,0,1,3,savings_acc_class,A64
0.20999999999999996,14,0,1,3,savings_acc_class,A64
0.21499999999999997,14,0,1,3,savings_acc_class,A64
0.21999999999999997,14,0,1,3,savings_acc_class,A64
0.22499999999999998,14,0,1,3,savings_acc_class,A64
0.22999999999999998,14,0,1,3,savings_acc_class,A64
0.235,14,0,1,3,savings_acc_class,A64
0.23999999999999996,14,0,1,3,savings_acc_class,A64
0.24499999999999997,14,0,1,3,savings_acc_class,A64
0.24999999999999997,14,0,1,3,savings_acc_class,A64
0.25499999999999995,14,0,1,3,savings_acc_class,A64
0.25999999999999995,14,0,1,3,savings_acc_class,A64
0.26499999999999996,14,0,1,3,savings_acc_class,A64
0.26999999999999996,14,0,1,3,savings_acc_class,A64
0.27499999999999997,14,0,1,3,savings_acc_class,A64
0.27999999999999997,14,0,1,3,savings_acc_class,A64
0.285,14,0,1,3,savings_acc_class,A64
0.29,14,0,1,3,savings_acc_class,A64
0.295,14,0,1,3,savings_acc_class,A64
0.3,14,0,1,3,savings_acc_class,A64
0.30499999999999994,14,0,1,3,savings_acc_class,A64
0.30999999999999994,14,0,1,3,savings_acc_class,A64
0.31499999999999995,14,0,1,3,savings_acc_class,A64
0.31999999999999995,14,0,1,3,savings_acc_class,A64
0.32499999999999996,14,0,1,3,savings_acc_class,A64
0.32999999999999996,14,0,1,3,savings_acc_class,A64
0.33499999999999996,14,0,1,3,savings_acc_class,A64
0.33999999999999997,14,0,1,3,savings_acc_class,A64
0.345,14,0,1,3,savings_acc_class,A64
0.35,14,0,1,3,savings_acc_class,A64
0.355,14,0,1,3,savings_acc_class,A64
0.35999999999999993,14,0,1,3,savings_acc_class,A64
0.36499999999999994,14,0,1,3,savings_acc_class,A64
0.36999999999999994,14,0,1,3,savings_acc_class,A64
0.37499999999999994,14,0,1,3,savings_acc_class,A64
0.37999999999999995,14,0,1,3,savings_acc_class,A64
0.38499999999999995,14,0,1,3,savings_acc_class,A64
0.38999999999999996,14,0,1,3,savings_acc_class,A64
0.39499999999999996,13,1,2,2,savings_acc_class,A64
0.39999999999999997,13,1,2,2,savings_acc_class,A64
0.40499999999999997,13,1,2,2,savings_acc_class,A64
0.4099999999999999,13,1,2,2,savings_acc_class,A64
0.4149999999999999,13,1,2,2,savings_acc_class,A64
0.41999999999999993,13,1,2,2,savings_acc_class,A64
0.42499999999999993,13,1,2,2,savings_acc_class,A64
0.42999999999999994,13,1,2,2,savings_acc_class,A64
0.43499999999999994,13,1,2,2,savings_acc_class,A64
0.43999999999999995,13,1,2,2,savings_acc_class,A64
0.44499999999999995,13,1,2,2,savings_acc_class,A64
0.44999999999999996,13,1,2,2,savings_acc_class,A64
0.45499999999999996,13,1,2,2,savings_acc_class,A64
0.45999999999999996,13,1,2,2,savings_acc_class,A64
0.4649999999999999,13,1,2,2,savings_acc_class,A64
0.4699999999999999,13,1,2,2,savings_acc_class,A64
0.4749999999999999,13,1,2,2,savings_acc_class,A64
0.4799999999999999,13,1,2,2,savings_acc_class,A64
0.48499999999999993,13,1,2,2,savings_acc_class,A64
0.48999999999999994,13,1,2,2,savings_acc_class,A64
0.49499999999999994,13,1,2,2,savings_acc_class,A64
0.49999999999999994,13,1,2,2,savings_acc_class,A64
0.5049999999999999,13,1,2,2,savings_acc_class,A64
0.5099999999999999,13,1,2,2,savings_acc_class,A64
0.5149999999999999,13,1,2,2,savings_acc_class,A64
0.5199999999999999,13,1,2,2,savings_acc_class,A64
0.5249999999999999,13,1,2,2,savings_acc_class,A64
0.5299999999999999,12,2,2,2,savings_acc_class,A64
0.5349999999999999,12,2,2,2,savings_acc_class,A64
0.5399999999999999,12,2,2,2,savings_acc_class,A64
0.5449999999999999,12,2,2,2,savings_acc_class,A64
0.5499999999999999,12,2,2,2,savings_acc_class,A64
0.5549999999999999,12,2,2,2,savings_acc_class,A64
0.5599999999999999,12,2,2,2,savings_acc_class,A64
0.565,12,2,2,2,savings_acc_class,A64
0.57,12,2,2,2,savings_acc_class,A64
0.575,12,2,2,2,savings_acc_class,A64
0.58,12,2,2,2,savings_acc_class,A64
0.585,12,2,2,2,savings_acc_class,A64
0.59,12,2,2,2,savings_acc_class,A64
0.595,12,2,2,2,savings_acc_class,A64
0.5999999999999999,12,2,2,2,savings_acc_class,A64
0.6049999999999999,12,2,2,2,savings_acc_class,A64
0.6099999999999999,12,2,2,2,savings_acc_class,A64
0.6149999999999999,12,2,2,2,savings_acc_class,A64
0.6199999999999999,12,2,2,2,savings_acc_class,A64
0.6249999999999999,12,2,2,2,savings_acc_class,A64
0.6299999999999999,11,3,2,2,savings_acc_class,A64
0.6349999999999999,10,4,2,2,savings_acc_class,A64
0.6399999999999999,10,4,2,2,savings_acc_class,A64
0.6449999999999999,10,4,2,2,savings_acc_class,A64
0.6499999999999999,10,4,2,2,savings_acc_class,A64
0.6549999999999999,10,4,2,2,savings_acc_class,A64
0.6599999999999999,10,4,2,2,savings_acc_class,A64
0.6649999999999999,9,5,2,2,savings_acc_class,A64
0.6699999999999999,9,5,2,2,savings_acc_class,A64
0.6749999999999999,9,5,2,2,savings_acc_class,A64
0.6799999999999999,9,5,2,2,savings_acc_class,A64
0.6849999999999999,9,5,2,2,savings_acc_class,A64
0.69,9,5,2,2,savings_acc_class,A64
0.695,9,5,2,2,savings_acc_class,A64
0.7,8,6,2,2,savings_acc_class,A64
0.7049999999999998,8,6,2,2,savings_acc_class,A64
0.7099999999999999,8,6,2,2,savings_acc_class,A64
0.7149999999999999,8,6,2,2,savings_acc_class,A64
0.7199999999999999,8,6,2,2,savings_acc_class,A64
0.7249999999999999,8,6,2,2,savings_acc_class,A64
0.7299999999999999,8,6,2,2,savings_acc_class,A64
0.7349999999999999,8,6,2,2,savings_acc_class,A64
0.7399999999999999,8,6,2,2,savings_acc_class,A64
0.7449999999999999,8,6,2,2,savings_acc_class,A64
0.7499999999999999,8,6,2,2,savings_acc_class,A64
0.7549999999999999,8,6,3,1,savings_acc_class,A64
0.7599999999999999,8,6,3,1,savings_acc_class,A64
0.7649999999999999,8,6,3,1,savings_acc_class,A64
0.7699999999999999,8,6,3,1,savings_acc_class,A64
0.7749999999999999,8,6,3,1,savings_acc_class,A64
0.7799999999999999,8,6,3,1,savings_acc_class,A64
0.7849999999999999,8,6,3,1,savings_acc_class,A64
0.7899999999999999,8,6,3,1,savings_acc_class,A64
0.7949999999999999,8,6,3,1,savings_acc_class,A64
0.7999999999999999,8,6,3,1,savings_acc_class,A64
0.8049999999999999,8,6,3,1,savings_acc_class,A64
0.8099999999999998,7,7,3,1,savings_acc_class,A64
0.8149999999999998,6,8,3,1,savings_acc_class,A64
0.8199999999999998,6,8,3,1,savings_acc_class,A64
0.8249999999999998,6,8,3,1,savings_acc_class,A64
0.8299999999999998,6,8,3,1,savings_acc_class,A64
0.8349999999999999,6,8,3,1,savings_acc_class,A64
0.8399999999999999,6,8,3,1,savings_acc_class,A64
0.8449999999999999,6,8,3,1,savings_acc_class,A64
0.8499999999999999,6,8,3,1,savings_acc_class,A64
0.8549999999999999,6,8,3,1,savings_acc_class,A64
0.8599999999999999,6,8,4,0,savings_acc_class,A64
0.8649999999999999,6,8,4,0,savings_acc_class,A64
0.8699999999999999,6,8,4,0,savings_acc_class,A64
0.8749999999999999,5,9,4,0,savings_acc_class,A64
0.8799999999999999,5,9,4,0,savings_acc_class,A64
0.8849999999999999,4,10,4,0,savings_acc_class,A64
0.8899999999999999,3,11,4,0,savings_acc_class,A64
0.8949999999999999,3,11,4,0,savings_acc_class,A64
0.8999999999999999,3,11,4,0,savings_acc_class,A64
0.9049999999999999,3,11,4,0,savings_acc_class,A64
0.9099999999999999,3,11,4,0,savings_acc_class,A64
0.9149999999999999,2,12,4,0,savings_acc_class,A64
0.08499999999999998,48,0,1,48,e_chq_acc_status,A11
0.08999999999999998,48,0,2,47,e_chq_acc_status,A11
0.09499999999999999,48,0,2,47,e_chq_acc_status,A11
0.09999999999999998,48,0,2,47,e_chq_acc_status,A11
0.10499999999999998,48,0,2,47,e_chq_acc_status,A11
0.10999999999999997,48,0,3,46,e_chq_acc_status,A11
0.11499999999999998,48,0,4,45,e_chq_acc_status,A11
0.11999999999999998,48,0,4,45,e_chq_acc_status,A11
0.12499999999999997,48,0,4,45,e_chq_acc_status,A11
0.12999999999999998,48,0,5,44,e_chq_acc_status,A11
0.13499999999999998,48,0,6,43,e_chq_acc_status,A11
0.13999999999999999,48,0,7,42,e_chq_acc_status,A11
0.145,48,0,7,42,e_chq_acc_status,A11
0.15,48,0,7,42,e_chq_acc_status,A11
0.155,47,1,8,41,e_chq_acc_status,A11
0.15999999999999998,47,1,8,41,e_chq_acc_status,A11
0.16499999999999998,46,2,8,41,e_chq_acc_status,A11
0.16999999999999998,45,3,8,41,e_chq_acc_status,A11
0.175,45,3,9,40,e_chq_acc_status,A11
0.18,45,3,9,40,e_chq_acc_status,A11
0.18499999999999997,45,3,9,40,e_chq_acc_status,A11
0.18999999999999997,45,3,11,38,e_chq_acc_status,A11
0.19499999999999998,45,3,11,38,e_chq_acc_status,A11
0.19999999999999998,45,3,12,37,e_chq_acc_status,A11
0.205,44,4,12,37,e_chq_acc_status,A11
0.20999999999999996,44,4,12,37,e_chq_acc_status,A11
0.21499999999999997,44,4,12,37,e_chq_acc_status,A11
0.21999999999999997,44,4,12,37,e_chq_acc_status,A11
0.22499999999999998,44,4,13,36,e_chq_acc_status,A11
0.22999999999999998,44,4,13,36,e_chq_acc_status,A11
0.235,44,4,13,36,e_chq_acc_status,A11
0.23999999999999996,43,5,15,34,e_chq_acc_status,A11
0.24499999999999997,43,5,15,34,e_chq_acc_status,A11
0.24999999999999997,43,5,16,33,e_chq_acc_status,A11
0.25499999999999995,42,6,17,32,e_chq_acc_status,A11
0.25999999999999995,41,7,17,32,e_chq_acc_status,A11
0.26499999999999996,41,7,17,32,e_chq_acc_status,A11
0.26999999999999996,41,7,17,32,e_chq_acc_status,A11
0.27499999999999997,41,7,17,32,e_chq_acc_status,A11
0.27999999999999997,41,7,17,32,e_chq_acc_status,A11
0.285,41,7,17,32,e_chq_acc_status,A11
0.29,40,8,18,31,e_chq_acc_status,A11
0.295,39,9,18,31,e_chq_acc_status,A11
0.3,38,10,20,29,e_chq_acc_status,A11
0.30499999999999994,38,10,23,26,e_chq_acc_status,A11
0.30999999999999994,37,11,24,25,e_chq_acc_status,A11
0.31499999999999995,37,11,24,25,e_chq_acc_status,A11
0.31999999999999995,37,11,24,25,e_chq_acc_status,A11
0.32499999999999996,36,12,25,24,e_chq_acc_status,A11
0.32999999999999996,36,12,26,23,e_chq_acc_status,A11
0.33499999999999996,35,13,26,23,e_chq_acc_status,A11
0.33999999999999997,34,14,27,22,e_chq_acc_status,A11
0.345,33,15,29,20,e_chq_acc_status,A11
0.35,32,16,30,19,e_chq_acc_status,A11
0.355,31,17,30,19,e_chq_acc_status,A11
0.35999999999999993,30,18,31,18,e_chq_acc_status,A11
0.36499999999999994,29,19,31,18,e_chq_acc_status,A11
0.36999999999999994,29,19,32,17,e_chq_acc_status,A11
0.37499999999999994,29,19,33,16,e_chq_acc_status,A11
0.37999999999999995,29,19,33,16,e_chq_acc_status,A11
0.38499999999999995,28,20,33,16,e_chq_acc_status,A11
0.38999999999999996,28,20,33,16,e_chq_acc_status,A11
0.39499999999999996,26,22,35,14,e_chq_acc_status,A11
0.39999999999999997,25,23,35,14,e_chq_acc_status,A11
0.40499999999999997,25,23,36,13,e_chq_acc_status,A11
0.4099999999999999,24,24,38,11,e_chq_acc_status,A11
0.4149999999999999,24,24,38,11,e_chq_acc_status,A11
0.41999999999999993,23,25,38,11,e_chq_acc_status,A11
0.42499999999999993,23,25,38,11,e_chq_acc_status,A11
0.42999999999999994,22,26,40,9,e_chq_acc_status,A11
0.43499999999999994,22,26,40,9,e_chq_acc_status,A11
0.43999999999999995,22,26,40,9,e_chq_acc_status,A11
0.44499999999999995,22,26,41,8,e_chq_acc_status,A11
0.44999999999999996,22,26,41,8,e_chq_acc_status,A11
0.45499999999999996,22,26,42,7,e_chq_acc_status,A11
0.45999999999999996,22,26,42,7,e_chq_acc_status,A11
0.4649999999999999,21,27,42,7,e_chq_acc_status,A11
0.4699999999999999,20,28,42,7,e_chq_acc_status,A11
0.4749999999999999,19,29,43,6,e_chq_acc_status,A11
0.4799999999999999,17,31,44,5,e_chq_acc_status,A11
0.48499999999999993,17,31,44,5,e_chq_acc_status,A11
0.48999999999999994,14,34,45,4,e_chq_acc_status,A11
0.49499999999999994,13,35,46,3,e_chq_acc_status,A11
0.49999999999999994,13,35,46,3,e_chq_acc_status,A11
0.5049999999999999,13,35,46,3,e_chq_acc_status,A11
0.5099999999999999,13,35,47,2,e_chq_acc_status,A11
0.5149999999999999,12,36,47,2,e_chq_acc_status,A11
0.5199999999999999,12,36,47,2,e_chq_acc_status,A11
0.5249999999999999,11,37,47,2,e_chq_acc_status,A11
0.5299999999999999,10,38,47,2,e_chq_acc_status,A11
0.5349999999999999,10,38,47,2,e_chq_acc_status,A11
0.5399999999999999,9,39,47,2,e_chq_acc_status,A11
0.5449999999999999,9,39,47,2,e_chq_acc_status,A11
0.5499999999999999,8,40,47,2,e_chq_acc_status,A11
0.5549999999999999,7,41,47,2,e_chq_acc_status,A11
0.5599999999999999,6,42,47,2,e_chq_acc_status,A11
0.565,5,43,47,2,e_chq_acc_status,A11
0.57,5,43,47,2,e_chq_acc_status,A11
0.575,5,43,47,2,e_chq_acc_status,A11
0.58,5,43,47,2,e_chq_acc_status,A11
0.585,5,43,47,2,e_chq_acc_status,A11
0.59,5,43,47,2,e_chq_acc_status,A11
0.595,5,43,47,2,e_chq_acc_status,A11
0.5999999999999999,5,43,47,2,e_chq_acc_status,A11
0.6049999999999999,5,43,48,1,e_chq_acc_status,A11
0.6099999999999999,5,43,48,1,e_chq_acc_status,A11
0.6149999999999999,5,43,48,1,e_chq_acc_status,A11
0.6199999999999999,5,43,48,1,e_chq_acc_status,A11
0.6249999999999999,4,44,48,1,e_chq_acc_status,A11
0.6299999999999999,4,44,48,1,e_chq_acc_status,A11
0.6349999999999999,4,44,48,1,e_chq_acc_status,A11
0.6399999999999999,4,44,48,1,e_chq_acc_status,A11
0.6449999999999999,4,44,48,1,e_chq_acc_status,A11
0.6499999999999999,4,44,49,0,e_chq_acc_status,A11
0.6549999999999999,4,44,49,0,e_chq_acc_status,A11
0.6599999999999999,3,45,49,0,e_chq_acc_status,A11
0.6649999999999999,1,47,49,0,e_chq_acc_status,A11
0.6699999999999999,1,47,49,0,e_chq_acc_status,A11
0.6749999999999999,1,47,49,0,e_chq_acc_status,A11
0.6799999999999999,1,47,49,0,e_chq_acc_status,A11
0.6849999999999999,1,47,49,0,e_chq_acc_status,A11
0.19999999999999998,130,1,0,15,e_chq_acc_status,A14
0.205,130,1,0,15,e_chq_acc_status,A14
0.20999999999999996,130,1,0,15,e_chq_acc_status,A14
0.21499999999999997,130,1,0,15,e_chq_acc_status,A14
0.21999999999999997,130,1,0,15,e_chq_acc_status,A14
0.22499999999999998,130,1,0,15,e_chq_acc_status,A14
0.22999999999999998,130,1,0,15,e_chq_acc_status,A14
0.235,130,1,0,15,e_chq_acc_status,A14
0.23999999999999996,130,1,0,15,e_chq_acc_status,A14
0.24499999999999997,130,1,0,15,e_chq_acc_status,A14
0.24999999999999997,130,1,0,15,e_chq_acc_status,A14
0.25499999999999995,130,1,0,15,e_chq_acc_status,A14
0.25999999999999995,130,1,0,15,e_chq_acc_status,A14
0.26499999999999996,130,1,0,15,e_chq_acc_status,A14
0.26999999999999996,130,1,0,15,e_chq_acc_status,A14
0.27499999999999997,130,1,0,15,e_chq_acc_status,A14
0.27999999999999997,130,1,0,15,e_chq_acc_status,A14
0.285,130,1,0,15,e_chq_acc_status,A14
0.29,130,1,0,15,e_chq_acc_status,A14
0.295,130,1,0,15,e_chq_acc_status,A14
0.3,130,1,0,15,e_chq_acc_status,A14
0.30499999999999994,130,1,0,15,e_chq_acc_status,A14
0.30999999999999994,130,1,0,15,e_chq_acc_status,A14
0.31499999999999995,130,1,0,15,e_chq_acc_status,A14
0.31999999999999995,130,1,0,15,e_chq_acc_status,A14
0.32499999999999996,130,1,0,15,e_chq_acc_status,A14
0.32999999999999996,130,1,0,15,e_chq_acc_status,A14
0.33499999999999996,130,1,0,15,e_chq_acc_status,A14
0.33999999999999997,130,1,0,15,e_chq_acc_status,A14
0.345,130,1,0,15,e_chq_acc_status,A14
0.35,130,1,0,15,e_chq_acc_status,A14
0.355,129,2,0,15,e_chq_acc_status,A14
0.35999999999999993,129,2,0,15,e_chq_acc_status,A14
0.36499999999999994,129,2,0,15,e_chq_acc_status,A14
0.36999999999999994,128,3,0,15,e_chq_acc_status,A14
0.37499999999999994,128,3,0,15,e_chq_acc_status,A14
0.37999999999999995,128,3,0,15,e_chq_acc_status,A14
0.38499999999999995,128,3,0,15,e_chq_acc_status,A14
0.38999999999999996,128,3,0,15,e_chq_acc_status,A14
0.39499999999999996,128,3,0,15,e_chq_acc_status,A14
0.39999999999999997,128,3,0,15,e_chq_acc_status,A14
0.40499999999999997,127,4,0,15,e_chq_acc_status,A14
0.4099999999999999,127,4,0,15,e_chq_acc_status,A14
0.4149999999999999,127,4,0,15,e_chq_acc_status,A14
0.41999999999999993,127,4,0,15,e_chq_acc_status,A14
0.42499999999999993,127,4,0,15,e_chq_acc_status,A14
0.42999999999999994,127,4,1,14,e_chq_acc_status,A14
0.43499999999999994,127,4,1,14,e_chq_acc_status,A14
0.43999999999999995,127,4,2,13,e_chq_acc_status,A14
0.44499999999999995,127,4,2,13,e_chq_acc_status,A14
0.44999999999999996,127,4,2,13,e_chq_acc_status,A14
0.45499999999999996,127,4,2,13,e_chq_acc_status,A14
0.45999999999999996,127,4,2,13,e_chq_acc_status,A14
0.4649999999999999,126,5,2,13,e_chq_acc_status,A14
0.4699999999999999,126,5,2,13,e_chq_acc_status,A14
0.4749999999999999,126,5,2,13,e_chq_acc_status,A14
0.4799999999999999,126,5,2,13,e_chq_acc_status,A14
0.48499999999999993,126,5,2,13,e_chq_acc_status,A14
0.48999999999999994,126,5,2,13,e_chq_acc_status,A14
0.49499999999999994,126,5,2,13,e_chq_acc_status,A14
0.49999999999999994,126,5,2,13,e_chq_acc_status,A14
0.5049999999999999,126,5,2,13,e_chq_acc_status,A14
0.5099999999999999,126,5,2,13,e_chq_acc_status,A14
0.5149999999999999,126,5,3,12,e_chq_acc_status,A14
0.5199999999999999,126,5,3,12,e_chq_acc_status,A14
0.5249999999999999,126,5,3,12,e_chq_acc_status,A14
0.5299999999999999,126,5,3,12,e_chq_acc_status,A14
0.5349999999999999,126,5,3,12,e_chq_acc_status,A14
0.5399999999999999,126,5,3,12,e_chq_acc_status,A14
0.5449999999999999,125,6,3,12,e_chq_acc_status,A14
0.5499999999999999,125,6,3,12,e_chq_acc_status,A14
0.5549999999999999,125,6,3,12,e_chq_acc_status,A14
0.5599999999999999,125,6,3,12,e_chq_acc_status,A14
0.565,124,7,3,12,e_chq_acc_status,A14
0.57,124,7,3,12,e_chq_acc_status,A14
0.575,124,7,3,12,e_chq_acc_status,A14
0.58,124,7,3,12,e_chq_acc_status,A14
0.585,124,7,3,12,e_chq_acc_status,A14
0.59,124,7,3,12,e_chq_acc_status,A14
0.595,124,7,3,12,e_chq_acc_status,A14
0.5999999999999999,124,7,4,11,e_chq_acc_status,A14
0.6049999999999999,123,8,4,11,e_chq_acc_status,A14
0.6099999999999999,122,9,4,11,e_chq_acc_status,A14
0.6149999999999999,122,9,4,11,e_chq_acc_status,A14
0.6199999999999999,122,9,4,11,e_chq_acc_status,A14
0.6249999999999999,122,9,4,11,e_chq_acc_status,A14
0.6299999999999999,122,9,4,11,e_chq_acc_status,A14
0.6349999999999999,121,10,4,11,e_chq_acc_status,A14
0.6399999999999999,119,12,4,11,e_chq_acc_status,A14
0.6449999999999999,118,13,4,11,e_chq_acc_status,A14
0.6499999999999999,116,15,4,11,e_chq_acc_status,A14
0.6549999999999999,116,15,4,11,e_chq_acc_status,A14
0.6599999999999999,116,15,4,11,e_chq_acc_status,A14
0.6649999999999999,116,15,4,11,e_chq_acc_status,A14
0.6699999999999999,114,17,5,10,e_chq_acc_status,A14
0.6749999999999999,114,17,5,10,e_chq_acc_status,A14
0.6799999999999999,114,17,5,10,e_chq_acc_status,A14
0.6849999999999999,114,17,5,10,e_chq_acc_status,A14
0.69,113,18,5,10,e_chq_acc_status,A14
0.695,111,20,5,10,e_chq_acc_status,A14
0.7,110,21,5,10,e_chq_acc_status,A14
0.7049999999999998,110,21,5,10,e_chq_acc_status,A14
0.7099999999999999,109,22,5,10,e_chq_acc_status,A14
0.7149999999999999,108,23,5,10,e_chq_acc_status,A14
0.7199999999999999,108,23,5,10,e_chq_acc_status,A14
0.7249999999999999,107,24,5,10,e_chq_acc_status,A14
0.7299999999999999,107,24,5,10,e_chq_acc_status,A14
0.7349999999999999,106,25,5,10,e_chq_acc_status,A14
0.7399999999999999,106,25,5,10,e_chq_acc_status,A14
0.7449999999999999,105,26,5,10,e_chq_acc_status,A14
0.7499999999999999,104,27,5,10,e_chq_acc_status,A14
0.7549999999999999,102,29,6,9,e_chq_acc_status,A14
0.7599999999999999,100,31,6,9,e_chq_acc_status,A14
0.7649999999999999,100,31,6,9,e_chq_acc_status,A14
0.7699999999999999,98,33,6,9,e_chq_acc_status,A14
0.7749999999999999,97,34,7,8,e_chq_acc_status,A14
0.7799999999999999,96,35,7,8,e_chq_acc_status,A14
0.7849999999999999,95,36,7,8,e_chq_acc_status,A14
0.7899999999999999,93,38,7,8,e_chq_acc_status,A14
0.7949999999999999,92,39,7,8,e_chq_acc_status,A14
0.7999999999999999,91,40,8,7,e_chq_acc_status,A14
0.8049999999999999,90,41,8,7,e_chq_acc_status,A14
0.8099999999999998,88,43,8,7,e_chq_acc_status,A14
0.8149999999999998,87,44,8,7,e_chq_acc_status,A14
0.8199999999999998,84,47,8,7,e_chq_acc_status,A14
0.8249999999999998,83,48,8,7,e_chq_acc_status,A14
0.8299999999999998,80,51,8,7,e_chq_acc_status,A14
0.8349999999999999,77,54,9,6,e_chq_acc_status,A14
0.8399999999999999,76,55,9,6,e_chq_acc_status,A14
0.8449999999999999,73,58,9,6,e_chq_acc_status,A14
0.8499999999999999,68,63,9,6,e_chq_acc_status,A14
0.8549999999999999,66,65,9,6,e_chq_acc_status,A14
0.8599999999999999,63,68,11,4,e_chq_acc_status,A14
0.8649999999999999,60,71,11,4,e_chq_acc_status,A14
0.8699999999999999,56,75,11,4,e_chq_acc_status,A14
0.8749999999999999,52,79,12,3,e_chq_acc_status,A14
0.8799999999999999,51,80,12,3,e_chq_acc_status,A14
0.8849999999999999,48,83,12,3,e_chq_acc_status,A14
0.8899999999999999,45,86,12,3,e_chq_acc_status,A14
0.8949999999999999,41,90,12,3,e_chq_acc_status,A14
0.8999999999999999,37,94,13,2,e_chq_acc_status,A14
0.9049999999999999,32,99,13,2,e_chq_acc_status,A14
0.9099999999999999,29,102,13,2,e_chq_acc_status,A14
0.9149999999999999,27,104,13,2,e_chq_acc_status,A14
0.9199999999999998,20,111,13,2,e_chq_acc_status,A14
0.9249999999999998,17,114,13,2,e_chq_acc_status,A14
0.9299999999999998,16,115,13,2,e_chq_acc_status,A14
0.9349999999999998,14,117,13,2,e_chq_acc_status,A14
0.9399999999999998,11,120,14,1,e_chq_acc_status,A14
0.9449999999999998,9,122,14,1,e_chq_acc_status,A14
0.9499999999999998,7,124,14,1,e_chq_acc_status,A14
0.9549999999999998,7,124,14,1,e_chq_acc_status,A14
0.9599999999999999,7,124,14,1,e_chq_acc_status,A14
0.9649999999999999,4,127,15,0,e_chq_acc_status,A14
0.9699999999999999,1,130,15,0,e_chq_acc_status,A14
0.9749999999999999,1,130,15,0,e_chq_acc_status,A14
0.08499999999999998,51,0,1,34,e_chq_acc_status,A12
0.08999999999999998,50,1,1,34,e_chq_acc_status,A12
0.09499999999999999,50,1,2,33,e_chq_acc_status,A12
0.09999999999999998,50,1,2,33,e_chq_acc_status,A12
0.10499999999999998,50,1,3,32,e_chq_acc_status,A12
0.10999999999999997,50,1,3,32,e_chq_acc_status,A12
0.11499999999999998,50,1,3,32,e_chq_acc_status,A12
0.11999999999999998,50,1,4,31,e_chq_acc_status,A12
0.12499999999999997,50,1,4,31,e_chq_acc_status,A12
0.12999999999999998,50,1,4,31,e_chq_acc_status,A12
0.13499999999999998,50,1,4,31,e_chq_acc_status,A12
0.13999999999999999,49,2,4,31,e_chq_acc_status,A12
0.145,49,2,5,30,e_chq_acc_status,A12
0.15,48,3,5,30,e_chq_acc_status,A12
0.155,48,3,6,29,e_chq_acc_status,A12
0.15999999999999998,48,3,6,29,e_chq_acc_status,A12
0.16499999999999998,48,3,6,29,e_chq_acc_status,A12
0.16999999999999998,48,3,6,29,e_chq_acc_status,A12
0.175,48,3,6,29,e_chq_acc_status,A12
0.18,48,3,6,29,e_chq_acc_status,A12
0.18499999999999997,48,3,6,29,e_chq_acc_status,A12
0.18999999999999997,46,5,6,29,e_chq_acc_status,A12
0.19499999999999998,46,5,6,29,e_chq_acc_status,A12
0.19999999999999998,46,5,8,27,e_chq_acc_status,A12
0.205,46,5,9,26,e_chq_acc_status,A12
0.20999999999999996,46,5,9,26,e_chq_acc_status,A12
0.21499999999999997,45,6,10,25,e_chq_acc_status,A12
0.21999999999999997,45,6,10,25,e_chq_acc_status,A12
0.22499999999999998,45,6,10,25,e_chq_acc_status,A12
0.22999999999999998,45,6,10,25,e_chq_acc_status,A12
0.235,45,6,10,25,e_chq_acc_status,A12
0.23999999999999996,44,7,10,25,e_chq_acc_status,A12
0.24499999999999997,44,7,10,25,e_chq_acc_status,A12
0.24999999999999997,44,7,11,24,e_chq_acc_status,A12
0.25499999999999995,43,8,11,24,e_chq_acc_status,A12
0.25999999999999995,43,8,11,24,e_chq_acc_status,A12
0.26499999999999996,43,8,11,24,e_chq_acc_status,A12
0.26999999999999996,43,8,12,23,e_chq_acc_status,A12
0.27499999999999997,43,8,13,22,e_chq_acc_status,A12
0.27999999999999997,43,8,13,22,e_chq_acc_status,A12
0.285,42,9,14,21,e_chq_acc_status,A12
0.29,42,9,14,21,e_chq_acc_status,A12
0.295,42,9,14,21,e_chq_acc_status,A12
0.3,41,10,14,21,e_chq_acc_status,A12
0.30499999999999994,41,10,14,21,e_chq_acc_status,A12
0.30999999999999994,40,11,15,20,e_chq_acc_status,A12
0.31499999999999995,40,11,16,19,e_chq_acc_status,A12
0.31999999999999995,40,11,16,19,e_chq_acc_status,A12
0.32499999999999996,40,11,17,18,e_chq_acc_status,A12
0.32999999999999996,40,11,18,17,e_chq_acc_status,A12
0.33499999999999996,40,11,18,17,e_chq_acc_status,A12
0.33999999999999997,40,11,18,17,e_chq_acc_status,A12
0.345,40,11,18,17,e_chq_acc_status,A12
0.35,40,11,18,17,e_chq_acc_status,A12
0.355,40,11,18,17,e_chq_acc_status,A12
0.35999999999999993,40,11,19,16,e_chq_acc_status,A12
0.36499999999999994,39,12,19,16,e_chq_acc_status,A12
0.36999999999999994,39,12,20,15,e_chq_acc_status,A12
0.37499999999999994,39,12,20,15,e_chq_acc_status,A12
0.37999999999999995,39,12,21,14,e_chq_acc_status,A12
0.38499999999999995,39,12,21,14,e_chq_acc_status,A12
0.38999999999999996,38,13,21,14,e_chq_acc_status,A12
0.39499999999999996,38,13,22,13,e_chq_acc_status,A12
0.39999999999999997,38,13,22,13,e_chq_acc_status,A12
0.40499999999999997,37,14,22,13,e_chq_acc_status,A12
0.4099999999999999,36,15,22,13,e_chq_acc_status,A12
0.4149999999999999,35,16,23,12,e_chq_acc_status,A12
0.41999999999999993,35,16,23,12,e_chq_acc_status,A12
0.42499999999999993,35,16,23,12,e_chq_acc_status,A12
0.42999999999999994,35,16,23,12,e_chq_acc_status,A12
0.43499999999999994,33,18,23,12,e_chq_acc_status,A12
0.43999999999999995,32,19,23,12,e_chq_acc_status,A12
0.44499999999999995,31,20,24,11,e_chq_acc_status,A12
0.44999999999999996,31,20,24,11,e_chq_acc_status,A12
0.45499999999999996,31,20,24,11,e_chq_acc_status,A12
0.45999999999999996,31,20,24,11,e_chq_acc_status,A12
0.4649999999999999,31,20,24,11,e_chq_acc_status,A12
0.4699999999999999,31,20,26,9,e_chq_acc_status,A12
0.4749999999999999,30,21,26,9,e_chq_acc_status,A12
0.4799999999999999,29,22,26,9,e_chq_acc_status,A12
0.48499999999999993,28,23,26,9,e_chq_acc_status,A12
0.48999999999999994,27,24,26,9,e_chq_acc_status,A12
0.49499999999999994,27,24,27,8,e_chq_acc_status,A12
0.49999999999999994,27,24,27,8,e_chq_acc_status,A12
0.5049999999999999,27,24,27,8,e_chq_acc_status,A12
0.5099999999999999,26,25,27,8,e_chq_acc_status,A12
0.5149999999999999,26,25,27,8,e_chq_acc_status,A12
0.5199999999999999,26,25,27,8,e_chq_acc_status,A12
0.5249999999999999,26,25,27,8,e_chq_acc_status,A12
0.5299999999999999,23,28,27,8,e_chq_acc_status,A12
0.5349999999999999,23,28,29,6,e_chq_acc_status,A12
0.5399999999999999,20,31,30,5,e_chq_acc_status,A12
0.5449999999999999,20,31,30,5,e_chq_acc_status,A12
0.5499999999999999,20,31,30,5,e_chq_acc_status,A12
0.5549999999999999,19,32,31,4,e_chq_acc_status,A12
0.5599999999999999,18,33,31,4,e_chq_acc_status,A12
0.565,17,34,31,4,e_chq_acc_status,A12
0.57,17,34,31,4,e_chq_acc_status,A12
0.575,17,34,31,4,e_chq_acc_status,A12
0.58,16,35,31,4,e_chq_acc_status,A12
0.585,15,36,32,3,e_chq_acc_status,A12
0.59,15,36,32,3,e_chq_acc_status,A12
0.595,15,36,32,3,e_chq_acc_status,A12
0.5999999999999999,14,37,32,3,e_chq_acc_status,A12
0.6049999999999999,14,37,32,3,e_chq_acc_status,A12
0.6099999999999999,14,37,32,3,e_chq_acc_status,A12
0.6149999999999999,14,37,33,2,e_chq_acc_status,A12
0.6199999999999999,14,37,33,2,e_chq_acc_status,A12
0.6249999999999999,14,37,33,2,e_chq_acc_status,A12
0.6299999999999999,13,38,33,2,e_chq_acc_status,A12
0.6349999999999999,13,38,33,2,e_chq_acc_status,A12
0.6399999999999999,13,38,33,2,e_chq_acc_status,A12
0.6449999999999999,11,40,33,2,e_chq_acc_status,A12
0.6499999999999999,11,40,33,2,e_chq_acc_status,A12
0.6549999999999999,11,40,33,2,e_chq_acc_status,A12
0.6599999999999999,10,41,33,2,e_chq_acc_status,A12
0.6649999999999999,10,41,33,2,e_chq_acc_status,A12
0.6699999999999999,10,41,33,2,e_chq_acc_status,A12
0.6749999999999999,10,41,33,2,e_chq_acc_status,A12
0.6799999999999999,9,42,33,2,e_chq_acc_status,A12
0.6849999999999999,9,42,33,2,e_chq_acc_status,A12
0.69,8,43,34,1,e_chq_acc_status,A12
0.695,7,44,34,1,e_chq_acc_status,A12
0.7,6,45,34,1,e_chq_acc_status,A12
0.7049999999999998,6,45,34,1,e_chq_acc_status,A12
0.7099999999999999,5,46,34,1,e_chq_acc_status,A12
0.7149999999999999,5,46,34,1,e_chq_acc_status,A12
0.7199999999999999,5,46,34,1,e_chq_acc_status,A12
0.7249999999999999,4,47,34,1,e_chq_acc_status,A12
0.7299999999999999,4,47,34,1,e_chq_acc_status,A12
0.7349999999999999,4,47,34,1,e_chq_acc_status,A12
0.7399999999999999,4,47,34,1,e_chq_acc_status,A12
0.7449999999999999,3,48,34,1,e_chq_acc_status,A12
0.7499999999999999,3,48,34,1,e_chq_acc_status,A12
0.7549999999999999,3,48,34,1,e_chq_acc_status,A12
0.7599999999999999,3,48,34,1,e_chq_acc_status,A12
0.7649999999999999,3,48,34,1,e_chq_acc_status,A12
0.7699999999999999,3,48,34,1,e_chq_acc_status,A12
0.7749999999999999,3,48,34,1,e_chq_acc_status,A12
0.7799999999999999,3,48,34,1,e_chq_acc_status,A12
0.7849999999999999,3,48,35,0,e_chq_acc_status,A12
0.7899999999999999,3,48,35,0,e_chq_acc_status,A12
0.7949999999999999,3,48,35,0,e_chq_acc_status,A12
0.7999999999999999,3,48,35,0,e_chq_acc_status,A12
0.8049999999999999,3,48,35,0,e_chq_acc_status,A12
0.8099999999999998,3,48,35,0,e_chq_acc_status,A12
0.8149999999999998,3,48,35,0,e_chq_acc_status,A12
0.8199999999999998,2,49,35,0,e_chq_acc_status,A12
0.8249999999999998,2,49,35,0,e_chq_acc_status,A12
0.8299999999999998,1,50,35,0,e_chq_acc_status,A12
0.8349999999999999,1,50,35,0,e_chq_acc_status,A12
0.8399999999999999,1,50,35,0,e_chq_acc_status,A12
0.8449999999999999,1,50,35,0,e_chq_acc_status,A12
0.8499999999999999,1,50,35,0,e_chq_acc_status,A12
0.8549999999999999,1,50,35,0,e_chq_acc_status,A12
0.8599999999999999,1,50,35,0,e_chq_acc_status,A12
0.8649999999999999,1,50,35,0,e_chq_acc_status,A12
0.33999999999999997,14,1,0,6,e_chq_acc_status,A13
0.345,14,1,0,6,e_chq_acc_status,A13
0.35,13,2,0,6,e_chq_acc_status,A13
0.355,13,2,0,6,e_chq_acc_status,A13
0.35999999999999993,13,2,1,5,e_chq_acc_status,A13
0.36499999999999994,13,2,1,5,e_chq_acc_status,A13
0.36999999999999994,13,2,1,5,e_chq_acc_status,A13
0.37499999999999994,13,2,1,5,e_chq_acc_status,A13
0.37999999999999995,13,2,1,5,e_chq_acc_status,A13
0.38499999999999995,13,2,1,5,e_chq_acc_status,A13
0.38999999999999996,13,2,1,5,e_chq_acc_status,A13
0.39499999999999996,13,2,1,5,e_chq_acc_status,A13
0.39999999999999997,13,2,1,5,e_chq_acc_status,A13
0.40499999999999997,13,2,1,5,e_chq_acc_status,A13
0.4099999999999999,13,2,1,5,e_chq_acc_status,A13
0.4149999999999999,13,2,1,5,e_chq_acc_status,A13
0.41999999999999993,13,2,1,5,e_chq_acc_status,A13
0.42499999999999993,13,2,1,5,e_chq_acc_status,A13
0.42999999999999994,13,2,1,5,e_chq_acc_status,A13
0.43499999999999994,13,2,1,5,e_chq_acc_status,A13
0.43999999999999995,13,2,1,5,e_chq_acc_status,A13
0.44499999999999995,13,2,1,5,e_chq_acc_status,A13
0.44999999999999996,13,2,1,5,e_chq_acc_status,A13
0.45499999999999996,13,2,1,5,e_chq_acc_status,A13
0.45999999999999996,12,3,1,5,e_chq_acc_status,A13
0.4649999999999999,12,3,1,5,e_chq_acc_status,A13
0.4699999999999999,12,3,1,5,e_chq_acc_status,A13
0.4749999999999999,12,3,1,5,e_chq_acc_status,A13
0.4799999999999999,12,3,1,5,e_chq_acc_status,A13
0.48499999999999993,12,3,1,5,e_chq_acc_status,A13
0.48999999999999994,12,3,1,5,e_chq_acc_status,A13
0.49499999999999994,12,3,1,5,e_chq_acc_status,A13
0.49999999999999994,12,3,1,5,e_chq_acc_status,A13
0.5049999999999999,12,3,1,5,e_chq_acc_status,A13
0.5099999999999999,12,3,1,5,e_chq_acc_status,A13
0.5149999999999999,12,3,1,5,e_chq_acc_status,A13
0.5199999999999999,12,3,1,5,e_chq_acc_status,A13
0.5249999999999999,12,3,1,5,e_chq_acc_status,A13
0.5299999999999999,12,3,2,4,e_chq_acc_status,A13
0.5349999999999999,12,3,2,4,e_chq_acc_status,A13
0.5399999999999999,12,3,2,4,e_chq_acc_status,A13
0.5449999999999999,12,3,2,4,e_chq_acc_status,A13
0.5499999999999999,12,3,2,4,e_chq_acc_status,A13
0.5549999999999999,11,4,2,4,e_chq_acc_status,A13
0.5599999999999999,11,4,2,4,e_chq_acc_status,A13
0.565,11,4,4,2,e_chq_acc_status,A13
0.57,10,5,4,2,e_chq_acc_status,A13
0.575,10,5,4,2,e_chq_acc_status,A13
0.58,10,5,4,2,e_chq_acc_status,A13
0.585,10,5,4,2,e_chq_acc_status,A13
0.59,10,5,4,2,e_chq_acc_status,A13
0.595,10,5,4,2,e_chq_acc_status,A13
0.5999999999999999,10,5,4,2,e_chq_acc_status,A13
0.6049999999999999,10,5,4,2,e_chq_acc_status,A13
0.6099999999999999,10,5,4,2,e_chq_acc_status,A13
0.6149999999999999,10,5,4,2,e_chq_acc_status,A13
0.6199999999999999,10,5,4,2,e_chq_acc_status,A13
0.6249999999999999,9,6,4,2,e_chq_acc_status,A13
0.6299999999999999,9,6,4,2,e_chq_acc_status,A13
0.6349999999999999,8,7,4,2,e_chq_acc_status,A13
0.6399999999999999,8,7,4,2,e_chq_acc_status,A13
0.6449999999999999,8,7,4,2,e_chq_acc_status,A13
0.6499999999999999,8,7,4,2,e_chq_acc_status,A13
0.6549999999999999,8,7,4,2,e_chq_acc_status,A13
0.6599999999999999,8,7,4,2,e_chq_acc_status,A13
0.6649999999999999,8,7,4,2,e_chq_acc_status,A13
0.6699999999999999,7,8,4,2,e_chq_acc_status,A13
0.6749999999999999,7,8,4,2,e_chq_acc_status,A13
0.6799999999999999,6,9,4,2,e_chq_acc_status,A13
0.6849999999999999,6,9,4,2,e_chq_acc_status,A13
0.69,6,9,4,2,e_chq_acc_status,A13
0.695,6,9,4,2,e_chq_acc_status,A13
0.7,6,9,5,1,e_chq_acc_status,A13
0.7049999999999998,5,10,5,1,e_chq_acc_status,A13
0.7099999999999999,5,10,5,1,e_chq_acc_status,A13
0.7149999999999999,5,10,5,1,e_chq_acc_status,A13
0.7199999999999999,5,10,5,1,e_chq_acc_status,A13
0.7249999999999999,5,10,5,1,e_chq_acc_status,A13
0.7299999999999999,5,10,6,0,e_chq_acc_status,A13
0.7349999999999999,5,10,6,0,e_chq_acc_status,A13
0.7399999999999999,5,10,6,0,e_chq_acc_status,A13
0.7449999999999999,5,10,6,0,e_chq_acc_status,A13
0.7499999999999999,5,10,6,0,e_chq_acc_status,A13
0.7549999999999999,5,10,6,0,e_chq_acc_status,A13
0.7599999999999999,5,10,6,0,e_chq_acc_status,A13
0.7649999999999999,4,11,6,0,e_chq_acc_status,A13
0.7699999999999999,4,11,6,0,e_chq_acc_status,A13
0.7749999999999999,4,11,6,0,e_chq_acc_status,A13
0.7799999999999999,4,11,6,0,e_chq_acc_status,A13
0.7849999999999999,3,12,6,0,e_chq_acc_status,A13
0.7899999999999999,3,12,6,0,e_chq_acc_status,A13
0.7949999999999999,3,12,6,0,e_chq_acc_status,A13
0.7999999999999999,3,12,6,0,e_chq_acc_status,A13
0.8049999999999999,3,12,6,0,e_chq_acc_status,A13
0.8099999999999998,2,13,6,0,e_chq_acc_status,A13
0.8149999999999998,2,13,6,0,e_chq_acc_status,A13
0.8199999999999998,1,14,6,0,e_chq_acc_status,A13
0.8249999999999998,1,14,6,0,e_chq_acc_status,A13
0.8299999999999998,1,14,6,0,e_chq_acc_status,A13
0.8349999999999999,1,14,6,0,e_chq_acc_status,A13
0.8399999999999999,1,14,6,0,e_chq_acc_status,A13
0.8449999999999999,1,14,6,0,e_chq_acc_status,A13
0.8499999999999999,1,14,6,0,e_chq_acc_status,A13
0.8549999999999999,1,14,6,0,e_chq_acc_status,A13
0.8599999999999999,1,14,6,0,e_chq_acc_status,A13
0.8649999999999999,1,14,6,0,e_chq_acc_status,A13
0.8699999999999999,1,14,6,0,e_chq_acc_status,A13
0.8749999999999999,1,14,6,0,e_chq_acc_status,A13
0.8799999999999999,1,14,6,0,e_chq_acc_status,A13
0.8849999999999999,1,14,6,0,e_chq_acc_status,A13
0.8899999999999999,1,14,6,0,e_chq_acc_status,A13
0.8949999999999999,1,14,6,0,e_chq_acc_status,A13
